Title,Link,Source,Published,Category,img,Scraped_At
Rising Tides: Japan-Philippines Defense Deal Signals Strategic Shift in South China Sea Dynamics,https://news.google.com/read/CBMixgFBVV95cUxNOXRCczZPNG1TZGxOOXg5bVItcENVcHUtR2RXbWVLTFI4NVNqVzJuLUZMUTBxT2p1eXV3OVE2dXBXdHFQcktJRmR0QnVCZGY0aFNjZzk5Uzc0ZmdCSm1ScEZFRnFCVVV0YXVYV1drVWJHZGhJdEJNeWx1cDZyamV2RlBiN08yc3hfVTZoSkRQZnVuWHZwVF9zNGJWSE1sVXJLSnlSRHY5MVlDbFgtWGFEdnQ3YWlvMlo1OWlsbjlBSXBCcGNGR3c?hl=en-US&gl=US&ceid=US%3Aen,AInvest,5 hours ago,China Cyber,https://news.google.com/api/attachments/CC8iL0NnNWZjamxKWmtsME9YTnVaVTk1VFJDZkF4ampCU2dLTWdrQnNJZ2d6T05xc0FF=-w200-h112-p-df-rw,2025-07-06T16:48:47.999870
Autonomous humanoid robot soccer debuts in China,https://news.google.com/read/CBMie0FVX3lxTE0tQnJzTk50SmY3QWsyaVpNWjdPQlJtN2ZJZEU4dTdBWHNhMFRKWEtBVGhxck9TdTdEc2pSQXlpQ0ZON2NsWjFCUFlEZTVMMmhkRWdlWmJ5QVVVUHBHSzlKd0thcUtFeVNyUWxZSlFhUmdjUnpSSVloaVplYw?hl=en-US&gl=US&ceid=US%3Aen,Kurt the CyberGuy,16 hours ago,China Cyber,https://news.google.com/api/attachments/CC8iI0NnNUNRbTVhUVVGalpYRnpiSGg2VFJEZ0F4aUFCU2dLTWdB=-w200-h112-p-df-rw,2025-07-06T16:48:47.999885
China’s big brother is watching: How Chinese smart devices are spying inside Israel,https://news.google.com/read/CBMiYkFVX3lxTFB5elVhQ05Ga3pieDBSSXZnQ29nUTFTMXRudEZEaUZydWZhQ1hDMzE1RnhBM2tqMGtNRWp3TjBsNkxLLThSN3h0Q2JLZ2l2QzZnSzdJZk92UlA0U0M5WnhUQm5R?hl=en-US&gl=US&ceid=US%3Aen,Ynetnews,22 hours ago,China Cyber,https://news.google.com/api/attachments/CC8iI0NnNWxRM2x4TVZKWGF6TmtWV0pwVFJDdUJCaWxCQ2dLTWdB=-w200-h112-p-df-rw,2025-07-06T16:48:47.999888
Europe’s Dilemma: Build a Military Industry or Keep Relying on the U.S.,https://news.google.com/read/CBMigwFBVV95cUxNejgzVHp6ZTVmV3lsWEhKUXl0NEdTYWVQaWNUZTZiWUFucWhVbllsVktYZDdDbTFVMXcxQk9tZWI1cXc4eE51MWZfajhmQW0yM2w5dlpXM3d6Mm1aR0xwaWNTUkNCaDZhOG5mWmc4bDFUc2RieEI0R1U3NXBSRDhMRUs1Yw?hl=en-US&gl=US&ceid=US%3Aen,The New York Times,7 hours ago,Russian Cyber,https://news.google.com/api/attachments/CC8iI0NnNXZhVFE1YURZd2FUSk1WSEpRVFJEQ0F4allCQ2dLTWdB=-w200-h112-p-df-rw,2025-07-06T16:48:47.999890
NATO’s Hard-Won Awakening: How the Alliance Is Turning Russia’s Brutality Into Its Own Strategic Advantage,https://news.google.com/read/CBMiWEFVX3lxTE1uVlBsNVpsZDg1eTJPTDVjRVlzQ1Jhb1BKRUtHdkdNalQ1NXNqSDNQN25VbVExV2xfWEpUQ19rQTEwOTg3OTVjZl9XTXZDaC1QdGJNSFlmQk8?hl=en-US&gl=US&ceid=US%3Aen,EU Today,3 hours ago,Russian Cyber,https://news.google.com/api/attachments/CC8iK0NnNTNkVkZtVW10clJYSlVaelJ1VFJET0FoakpCQ2dLTWdZQllKQmlyQWc=-w200-h112-p-df-rw,2025-07-06T16:48:47.999892
Who is Timothy Haugh? The NSA chief fired amid cyber security concerns,https://news.google.com/read/CBMizwJBVV95cUxNdGVka0hxZjdOMUF0ODY5X0lIVm5XLXk1R3liNDJla1oxekFOMFlqUjJleUMwbmNFQzJNamwtZU1Db3E3LVNUYzRXVGVnRC1sUXZaNTFwUndPVVJLZVdhRHRHT3hLdHNFeXVTX0pHeHVFdHdxMFFWbWRYaDRuRnB3U092ZVV2R0psY2xoYkE5NW9HRHZaU0U0OTV5MGFHemY0ZTl1Qm1BNWtMSEVpclJXUkk2UlFkZ1ZTNWpBbEZLTnJHSG0zaExKRGFRNEFjb1BnbndRQTJ3ejJ2c1EwMnhJYmdSeTVNWGdHeTJJc2ZaN2xyYkdNZmJBTmpNMzhmeXJIVThmalhld2ZOakFFTlhldFRtMEt3dENWbTFUM0xQQXRabVdUb1k4UlhzUkRQS19oNTlVT0NuT3pxVzdaamctRWw5cVJmNzZ0X1V0ajhxcw?hl=en-US&gl=US&ceid=US%3Aen,MSN,1 hour ago,Russian Cyber,"https://encrypted-tbn2.gstatic.com/faviconV2?url=http://www.msn.com&client=NEWS_360&size=96&type=FAVICON&fallback_opts=TYPE,SIZE,URL",2025-07-06T16:48:47.999895
"N Korea blasts US indictment of 4 nationals on cybercrime charges, calls it smear campaign",https://news.google.com/read/CBMivgFBVV95cUxPa1VoM2xvanYtMU1yS3VwWVMyLWVnZmU1eWRJTjJCSXMyNk1IOXowZ2dWbmpadGs0aVdJZmN2WFVjNWNJYS1kVnJ5azlTRHZhb2RQVTQ4M1BzTTJFTTlaaE9wWjNRVC1OX3JYYi04T2w1NHlhM2xMcWFHMXZvSHpndndKVldzeVJZNDV1Z1pFT2Vpdkgya3Y5czNzX015MVNFRFFiQWwta1ZxQzBlWktEekZrYlRLcVNWNm9BRXRB?hl=en-US&gl=US&ceid=US%3Aen,Daily Excelsior,16 hours ago,DPRK Cyber,https://news.google.com/api/attachments/CC8iI0NnNUVTMUZ1ZDI1UFoyUkNkM1F5VFJDeUF4akNCU2dLTWdB=-w200-h112-p-df-rw,2025-07-06T16:48:47.999897
US government takes down major North Korean ‘remote IT workers’ operation,https://news.google.com/read/CBMilANBVV95cUxPQWlXV3ltRkdLR19KQ3RWNExGSWVoT1J2LV9Db21nQXhhSHJqM3ZDVWVsd25KekdydzdERi1yLXJKN0I2WVl5ZVJEeG84aUFsQWhxY1VEdU8xcU5LMzNOZkU1blh2ZXpLZkp4dHV6QjREYy1lRXM2VEVQTjN4RmJBVkhVRUgyRk40eDdHOFV3QUlFNkRpV2dVVzM4TjBCRk5rUkFiZE9SekNFOExqb0tpSTRQeFNtMzc5VG5ybjZFdTg0VUpfc3hlUksyZWdibU81U1pTOFRWM19hRkc1NnV2SkgwVzhhVGRTUlQzQXdGSV9BdEJTQWFubWhyU1lVWXFoSjhDSXloMmZVaVRodk5GSndYSmlrVHc5aGRNU3A1clJEVVRYNFlfRzc3RS1WZkltZDRQS09mQW40OVNIVjRxSW9Ga01YdTd1d1V1OElneFRTeVAxZlRUdnVBSmZIdHYzNXRxaU9MNHVySWgySGdmSmJxVlVKSU4tYzl1WFBJNHpIT3RRRWZrNW5tVGF0clhoVi1uZA?hl=en-US&gl=US&ceid=US%3Aen,MSN,17 hours ago,DPRK Cyber,https://news.google.com/api/attachments/CC8iL0NnNTBNRWRLZHpjMmRuUmpTVEEzVFJERUF4aW1CU2dLTWdrQnM0eHZ4YVNLY3dF=-w200-h112-p-df-rw,2025-07-06T16:48:47.999899
North Korea Stole 61% of Crypto in 2024 Only To See Darknet Crime Surge,https://news.google.com/read/CBMitAFBVV95cUxOYVhxWWhGTEJ1VHU2Z3pQMU1WVDV6M1BJY091UnpBWEh0T0VFVjdXaUdjY3J4VG83UHpxSXQyRmJZTDJtYy1EYjhlQzhUeW5UY05JUHpMM0kyMWxYRW5qc2txTG1TaHM0YlFjS0pSbmtWMHBwb0N5bFdRdDN5U2FPYWhmT2xLekdwWTZZaF9KOFpYdWxYcjJwbGZ6MWxLSlVQbFJOdjNiUThQUWJ6WTdpSmVVNHrSAboBQVVfeXFMTXZTdVBRS3doakVrTmxxNEhEcUpjamFCek1kcE9zWVdJa0M3V0JzTExQMm9zZXZDaVhFOUVzcG83Z21mazRBTnluX2wwSWxvSWx5SXNxcWpOLVpOa0c2ODY2VWZweU83Y2dMbEFJVEZRLVdIVGtRb0QxQjRFenVsTGpocFNjVUhBZkVfeHlSblNnV1J3bm1oelRPR2lySkREZ053LVZVb0xYZ0dnSWJUOGRrMmZGVWQ0RjVB?hl=en-US&gl=US&ceid=US%3Aen,The Coin Republic,22 hours ago,DPRK Cyber,https://news.google.com/api/attachments/CC8iI0NnNWhaM2RUYjBsclkySlliV1I1VFJDZkF4ampCU2dLTWdB=-w200-h112-p-df-rw,2025-07-06T16:48:47.999900
Hunters International ransomware gang shuts down and offers free decryption keys to all victims,https://news.google.com/read/CBMi4AFBVV95cUxNbWdQSXJERHVpZHEwUEgwN210azRYX3E1Y0RaRHMzMnZPSllGNC10SWxUYXlZSlZqaTEtV0dDUzBNNlBZYzhja1VXOXlFSGIycGpEaEFaVkpFZEhnbHNzUjF5NW12ZmpUSkstQjc5eW5jX0hpaXZzdnZDa3RGM1J2LW1iVldUa0NDYkd2WjUwSjV2MlpZelJURUpydTVJRUs0dHIwTWs3SWo3RTZNUEt2eFZFSWlnSUpuWUlkbThzVWFZd2wwY1M4eE5RbEgzSEI1amxzdmRhLUVGeV9tYUxlZ9IB5gFBVV95cUxNcjN2UGN3QU8yakxpRTVFb1lyaWdSdExDYlhNdWZ6ZGpQdlJWNks1Rjg5V3JsRnRBMGdlaG85ODVRTWwzNlZaQmJEbmV6NUNsc2FuY25NUzl5VkQxOS1KVHZPSmliY2NPenlnQWxUOXZZelE2ODFoRmpYNXZaRFFwNkFqcnVZX09Db1U3cU9OdEJRZ2dDTmpGRjItTTZKREdsRWkxM0FJQkpMRjMzSHZ2NXV6TV8yNkR1MkRZX29tWWFqaXRSNmdvZi1yb0RKeXN3RVNtQnNNS2w5Q0lPdHZiQVFDWFo2Zw?hl=en-US&gl=US&ceid=US%3Aen,Security Affairs,2 hours ago,North Korea Cyber,https://news.google.com/api/attachments/CC8iJ0NnNUtVRE14YWpGaVpYcDJSa2xZVFJESkFoaWxCeWdLTWdNQk14Zw=-w200-h112-p-df-rw,2025-07-06T16:48:47.999903
Inside the North Korean scheme to funnel US wages into weapons funding,https://news.google.com/read/CBMi0gJBVV95cUxOdWhESkVhX1hFOGo3RHhkSWR2Y21ubVB0RG1UbE1DbFlyajVzMmpNNmh0YmxoVXFLbm13VWJrRUxzNFc3V0FRSU9nOVVwaDdvbEtuMDZWaVRQU1VlRGdFVHVzQ05pQ0N1RU55T3NLNFFMdU8wWUQyRnN0Y005V1lYZWVwNTY5WFFrRFp5Q1dQVTg3MXhIalY0d3ZQUnh4Y010YkZwUjFOUGktd1lMVFZsY2hJUUo5ODFySTBzRnFOVFp1c2ZKTG9kV0NsRWFWclBEaTdUdVRsSHZzS1N5clFVbjFBQkM3MmdyZ3VFUEN5WWRUdW1uNGRmWmVNd1BWa1ZJa2N0djRhNkZQY3BFNGdab2E3YzdfZ2FmbTVBLTVWdGR6QmNmRmtWNjJqdDVUeFQtd25XdVl4M01MN0pJSnUyLVhKaC1VVjJRdGJNRlBjTExkQQ?hl=en-US&gl=US&ceid=US%3Aen,MSN,7 hours ago,North Korea Cyber,"https://encrypted-tbn2.gstatic.com/faviconV2?url=http://www.msn.com&client=NEWS_360&size=96&type=FAVICON&fallback_opts=TYPE,SIZE,URL",2025-07-06T16:48:47.999905
"Iran-linked hackers may target U.S. firms and critical infrastructure, U.S. government warns",https://news.google.com/read/CBMi1AFBVV95cUxQS21xek0wSlFvR21Xa1hSQ0xVSHh2dTN3UTVpc1dhTDFydy1QN09sc0N0R1A1SzlZZ25HYXFabWJtV0JfRktmNGhzNnhTY2lvVFp6LWtMRzlESXBGQWNzVjRjbC1xLVlvcXZkS0ZRZkZkOFh3dlBnbkF3WTF3N05QUVA4VGxfYWI3MHl5Mzd2VlVWM2JVV0NnVlAzZ05MbENPWktFN0R0LUhJNkJCRVlxVnF6UHZBSXJKblRITmJsTDVmdG4xdkhrVENnNm5LX0stdzM0Uw?hl=en-US&gl=US&ceid=US%3Aen,MSN,10 hours ago,state-sponsored Cyber,https://news.google.com/api/attachments/CC8iK0NnNW1ZMnAyVUZkclRrZElabWxxVFJDNkF4aTJCU2dLTWdZeFk1UlNxUWc=-w200-h112-p-df-rw,2025-07-06T16:48:47.999907
Cyber Alert Karnataka: Cybersecurity Deficit Exposed as Attacks Surge,https://news.google.com/read/CBMimgFBVV95cUxPeUJFSmxkNHhMMkRCWURXVGFucXJ2M1pGZGx4QW84OWZ5ZnBicXBZZUs3T3dsQU9Telp2dTVQLXk2Mkd4eldKZ2ZpY2pvUFprbTZWZkk5LUlEVWJxWTVlWUlQQTNKN0J2R1hKRkJKYWVSVS1GTWFaNTJ6X2hmSllSLUVncVBWb0ZCNEZlYXljSnFudm9fMGczQ3dB?hl=en-US&gl=US&ceid=US%3Aen,Deccan Herald,19 hours ago,state-sponsored Cyber,https://news.google.com/api/attachments/CC8iI0NnNU9hak0yUVhSUlZtTnVUbkpYVFJDZkF4ampCU2dLTWdB=-w200-h112-p-df-rw,2025-07-06T16:48:47.999908
Israeli hackers have claimed credit for a cyberattack on a top Iranian bank,https://news.google.com/read/CBMi2AJBVV95cUxNOWlCdDlDc2lEYUJZYXZvN3lWUTIxRkJhc1I1bFMyRVhOV0pXVTQ4ZHZWYkY4NU82d3h6WlFOeGMwZWNER3FOd2lzYV9oZ0stUFlJMWp5aW9DdXA2TTd4dmdmMkNJbC1YaFhjdGJtczdEd3RSclhiamVIYzdnUTBScFNRQTRsM3NvNXlRdzBySjExaHZZLTliSGZZSEhZajBhVmxKcVFTYUY4RW1Zem95Sjdmazk0NjBxWVpJV0RQTHJuejJhR05kUnRkMTc4a05VMGNzN21wXzhCNVRTTkJFd3QwQmVkYnpVdFlLSVdHVDd6Q1Zpd1Q5VHRhT3dQTE5hWnVuVFlrdjRSV3dMa05mTFJkR1d4SDVlWUdLcnhRYzkyZnVNTHFmVkNVSHdtU2xXNHRhRGowODd5QXc1ejROWlNCbVZVM1c3N2ZUTEpyenRwR21BWmVYUw?hl=en-US&gl=US&ceid=US%3Aen,MSN,11 hours ago,state-sponsored Cyber,https://news.google.com/api/attachments/CC8iI0NnNXNTVFYwTTBkS1ptcGlNRmh6VFJDZkF4ampCU2dLTWdB=-w200-h112-p-df-rw,2025-07-06T16:48:47.999910
IDF generals took flight in fighter jets to strike Iran during war,https://news.google.com/read/CBMibkFVX3lxTE1GRU1xX2tLdXVHYXpyTGZ2c2pWN0pYNTZyQ0lDX1VZRVRtVWhHWlB2RmhoVnZIZU85ajd0MWdLUUNjQlk0VzFOcXJwNDN1T0VxYy1RbjhTNGFSOFlTVDZCTnVleU9XVkx2Wk9EMll3?hl=en-US&gl=US&ceid=US%3Aen,The Jerusalem Post,2 hours ago,Iran Cyber,https://news.google.com/api/attachments/CC8iI0NnNXdaalZzYWxCMWRqUjNjbG94VFJDZkF4ampCU2dLTWdB=-w200-h112-p-df-rw,2025-07-06T16:48:47.999912
Missiles go silent but Iran-Israel cyber war is just ramping up | Iran International,https://news.google.com/read/CBMiUkFVX3lxTFBZOWZHTEF0M0hhRE1zbkxMWjk5VEZybERGMXdBSDB4dkFQeHY1QVRpY0J4amJKeDd3NlpBT2RPaXZjSVVUM3lBMXhEd0RwbmpnZEE?hl=en-US&gl=US&ceid=US%3Aen,ایران اینترنشنال,16 hours ago,Iran Cyber,https://news.google.com/api/attachments/CC8iI0NnNVFSa0pDTWxOU2VXNXZXRWRtVFJDM0FSaVRBaWdCTWdB=-w200-h112-p-df-rw,2025-07-06T16:48:47.999914
Iran-linked hackers threaten to release emails stolen from Trump associates,https://news.google.com/read/CBMi2wJBVV95cUxQWVYwa3pxQlJYdG1FTVJDcjMyTFdMS2NoQ2FlZ3RiSVZsQ3RYOUhkMEQ0Y09qamFPWDZ3clBZUXdkNDNlVHloaEl3ZlNzV1NzZ2FHMTZDdkVYVTBIVHRIejlnRGstcmpyelNaaV9xLWRYYVNpU2NBYTZVSzBiaVNvVEdNRlRQOEs2bkxfaGZWQVdsSXlLSUdhcGhRcEZEdE5wek8xWG1hOU1XcU5qampSaTNCdFRVM29ZVWpMUXdDNmV3VTU4T1hEN3pqSFRGV1UtRmtUWWxILXNFSWJDblN2bk9MS0pxMWh3OVVDb2YxeExDX21tUkJnS3ZjOVVTNGkybHMtb19aYlZ1eXV6enJqbUZiNHNCLU9DV1pQMHQ5NEIwMEs3ZVpsanRBNkhkNC14MXRJWnFsRkpVRy1qdlRyNm9jTXp4bUtVMmN5WE1OSUZBTExmWm5JOHdvMA?hl=en-US&gl=US&ceid=US%3Aen,MSN,6 hours ago,Iran Cyber,"https://encrypted-tbn2.gstatic.com/faviconV2?url=http://www.msn.com&client=NEWS_360&size=96&type=FAVICON&fallback_opts=TYPE,SIZE,URL",2025-07-06T16:48:47.999916
"Need to develop OT cybersecurity programs to bridge IT and engineering cultures, defend from cyber threats",https://news.google.com/read/CBMi1gJBVV95cUxPd1Nka0xZMjZYV09kdWdSWTJoUjE3aGptZHEyTnFySzgyYU4ySkxpMTJvc3E2cFZQZDVfam9rR0ZKY05GSXB0Vlo4bTVWNzRiZUlsQ2FIOXI1V3RMZUpjc2lLNzRRVHRMYTNRSUpTVkhBa1ZEOW9seElmNnlmZkFCaUd5dDE1MDhxVUZiVUxCZ3NwbnFTaDAwRlJCOG5oZ003OTBNeE9saDFrWjktc181Z0VCZTljQWhxQkNCMzUzRnRZLW5iNjJ5NWZzbFNwb0VNMUI3YnlGMjF5N3VFUl96NjFTb0tIWEhBcnBHZTlWVEo1VThVc1hESFhGNDVkSUlaNFZ3LVkwa1NLeUJudzlEcjl3SDBEeXlOS0IxanpQVUdaZm5OLThLUUZhVU9qa1pwUEVpVWozX0w3V2hQWXlhUjFYTi1POHlnQkowUUlHaUdSekpEcGc?hl=en-US&gl=US&ceid=US%3Aen,Industrial Cyber,8 hours ago,Cybersecurity,https://news.google.com/api/attachments/CC8iI0NnNU1NMmhpVG5BNFoyMU1aSGt5VFJEY0FSaWtBeWdLTWdB=-w200-h112-p-df-rw,2025-07-06T16:48:47.999918
How Sacramento transgender cybersecurity expert doubles as an activist | Opinion,https://news.google.com/read/CBMiYkFVX3lxTE13b1l3eWlmVXpvYlp3OHFxN1NNcUNGV2NuSy1LWkNSUlc2eTJnRXp5amxkbG90aDVJaGJSZUlJWmtTdkpkRFI0ejR0RWdmaUJXY3c4dldvNUNmaW4yS3pjcjlR0gFiQVVfeXFMUHpmUUsyTXlpaHpxNWt0ejRubExGdjlZUDBFY29veFhEUWhQaG1RbTVBNW52cExmRE91TllacldGcjlsdU1tZ05QZVJpdUVfb2ptQ2taV3BnMVUtcmxmblpIWXc?hl=en-US&gl=US&ceid=US%3Aen,Sacramento Bee,4 hours ago,Cybersecurity,https://news.google.com/api/attachments/CC8iI0NnNW5jMVZ0WkRSTFVYaE1UR3ByVFJDZkF4ampCU2dLTWdB=-w200-h112-p-df-rw,2025-07-06T16:48:47.999920
Shielding Profits: Defense and Cybersecurity in a Volatile Middle East,https://news.google.com/read/CBMimwFBVV95cUxQX2lFU29RU0hIbTJfc3VIWmJSNndSZUV0MTN3VVhwaXNVaEpvS1dCeUFlTjJ3VDBGelhUMTBIS0RuV08zcEpQSEJWeFlsYk5BNjdrM0M4bGFBZ3dPYV9kMjRyT2N3VXlHSnRicTlUcEh2TGQyUlVnbG56a0FfQzhURmlxVkcwRzRSbkprRkpTUmVqWUM0QklDZ2RCcw?hl=en-US&gl=US&ceid=US%3Aen,AInvest,3 hours ago,Cybersecurity,https://news.google.com/api/attachments/CC8iK0NnNUpSVXBDTm5aU2JEQlJUa1o2VFJDZkF4ampCU2dLTWdZWlpJeXRzUVU=-w200-h112-p-df-rw,2025-07-06T16:48:47.999922
Activision takes Call of Duty: WWII offline after hackers apparently disrupted the game with RCE exploits — malicious code wreaks havoc on PC gamers as bad actors take complete control of your computer,https://news.google.com/read/CBMi6AJBVV95cUxQNFVtM2lYbFpsT3N2MC1MSmdOVkd4RzdPSzZfZlExbm83TkR3b3VXNVpjOGFkTTFIZWx3aEowVFRSWVlLbHRITDNGRnpTY2xORlYzd0xUaDg0MkZ3OEFsLUI4aFhVNjZLcGFfODR6UWxfT2ZEeWhEQmhVaDh4NGNhc3BxeFR1Qzk3cmVkUTIwUzBQOUV0elZDbDBnZTZmZG5Rd3dTRHgzNU9XUDJHQThuU196QjVPTjRMRWtrLVBiQVhEQ1RZZjM3TVVZblpJZzJhbmtqRzR6bENCb1BWa2ZNZlI4YkRoRVJaRnFGd0RUdGxGTjZ6dDdWcVl0bFl3dlNNZXFhUmpOTEQzMVRJZ01PWVRibE9OMHJQbGxkSUg0Z2lMVlBPTUJfX1pDWmNDSnFMelNCOXNLOUJtLVlkWldzdWpGMUhuSDVHOHZac1I2amtmNEhhc2hMYTNOWE5IYjEwaUZxUHFFVW8?hl=en-US&gl=US&ceid=US%3Aen,Tom's Hardware,3 hours ago,Hackers,https://news.google.com/api/attachments/CC8iMkNnNTJlSEZvZGxFNVdtbG5ZV0V0VFJDWEF4anlCU2dLTWdzTkFvQUkxcUdoaFVyUnFB=-w200-h112-p-df-rw,2025-07-06T16:48:47.999924
FBI Warns of ‘Scattered Spider’ Hackers Targeting Airlines: What Travelers Need to Know,https://news.google.com/read/CBMizgFBVV95cUxQQXJPNC1OYV94THlTeHpBOHlpZkxLRE9ubnp4QVpRMnBLRzZlLWY1MG44VW4zaVFsTG90c2RHTFItU2ZwNU9CTTNyVlFXTGRCV1ludWQ3Qko5ZGdIMHhjVmxNX054MG1vOWlyNkdUTkRsNEd4amM3Y3EzV1g4UDlmQ1NrQlVDb2NjUFE0SGxsYVJzU2lYMmdSZVBvbk5ncGI0YzlCRVgxTDdRc1p3WU16TktvYThleGhyTEFfU0tEQm1zWURNMXoya1JqLTJadw?hl=en-US&gl=US&ceid=US%3Aen,Travel And Tour World,4 hours ago,Hackers,https://news.google.com/api/attachments/CC8iK0NnNXJYMjVvVFdRM2NXazRSVzAwVFJES0F4aWVCU2dLTWdZQllaRDBKQWc=-w200-h112-p-df-rw,2025-07-06T16:48:47.999926
Qantas attack reveals one phone call is all it takes to crack cybersecurity’s weakest link: humans,https://news.google.com/read/CBMi3gFBVV95cUxPZ21GWnFsUlJIOXNJcWRLbGVVcEtjQ3NhZHVxRmpuLUMtaE5HZERxdDJJSVVGNzY2TjRXWlZYZXJUZWhXbjVTSWxha0hvTjVFeTlHSjJ6MWJ4MkZmUGZubG91YTN1R3p5dS1mbEEyQ1ZZbDVIeEFISTJmTEJySi1jcDJqdjlfdUFBRWE2dXNzWjFrY19JM0E1dzlHZFZja095a0doLTZPZkozd0FWeUJXclM0ZzVfYVF2MEMxeVdmd2l0anFQdVZKd21DUGZxSTMweEVhX2R5MEZxYkVNYUE?hl=en-US&gl=US&ceid=US%3Aen,The Guardian,16 hours ago,Cyber Attacks,https://news.google.com/api/attachments/CC8iI0NnNTRlWGhzYUdVeFpDMVRlVE15VFJEMEFoalJBeWdLTWdB=-w200-h112-p-df-rw,2025-07-06T16:48:47.999928
Ingram Micro confirms ransomware behind multi-day outage,https://news.google.com/read/CBMihgFBVV95cUxNeTlEcnhZR0p2RTZreHI4Q1VzVDVyOEFGazZMZ05UYTVjWnRNRm9zY0JjR19EZkg0dDJFOW9IaXNrZW1vd29JbW1rREJIcHJ5WjZsRDJVREIyenJkckFoaXdJUm1HQWZwQ0FpeEx2NlFVMWt6Q19QcjgzX0s1M1FjUjFyeC0xUdIBiwFBVV95cUxOTDVFak5pS0t5a0dfa2xieDZpbmFKWUxnbkppSnl4V3Jick9SNnBRNHdCbldDMEtqdnQ5T1VJX1hZX1YtRzM2Q0Joem5ndkc2YWR0N0owTzJrV19nYmZwWl9mY3RpQ0E0emRhREV2eGF4dzQ1Z05ic2VpZ0FlX2lSdmgxMjFJUk1Qekow?hl=en-US&gl=US&ceid=US%3Aen,theregister.com,3 hours ago,Cyber Attacks,https://news.google.com/api/attachments/CC8iK0NnNHhiRGRMZFUwd0xYVkpPVzlXVFJDM0FSaVRBaWdCTWdhTlJvaElKZ2M=-w200-h112-p-df-rw,2025-07-06T16:48:47.999929
Ingram Micro cyber attack leads to concerns over Mena fallout,https://news.google.com/read/CBMirwFBVV95cUxPN1V6TnJiWUNKQWwwQnh4RnA3a0ZRcU44SGZBbVAtQS1DRzB4ZXFubkhzZWZpU0Ewa3JLNDg4eWoxSEo3azFBUEI2TGNib3FTWng2XzVzbFhMb3J1Znd5aXpSUlltejVtVm9qT2FOaENBbzFaNU5jZm4tQ3hpQjB4WlVhZko5eXg4TlI0bFhSVFVBRWNKTXcxc1BHOThnOW9RSzJDaWNVQUpmRW52Q2gw?hl=en-US&gl=US&ceid=US%3Aen,MSN,1 hour ago,Cyber Attacks,https://news.google.com/api/attachments/CC8iK0NnNUZZakpxVFZWMU5UUXRjMkl6VFJERUF4aW1CU2dLTWdZQnNZYlVVQVE=-w200-h112-p-df-rw,2025-07-06T16:48:47.999931
Sunday Reads: July 6,https://news.google.com/read/CBMivAFBVV95cUxOTmdXTmwyc1lEd054a04xSTFGdWdDQ3h3Ynhkb0VUbnctLTVnandweWxHZHpialhPa3Z1MUFfM0pVM0M2M1VTYmMzbTJmWHJjOUEwczd3c0VVaGVSd0ExTDZWUTQ1SFpkbkZPNVFZbm1kQklyV2FNdEtyMzJBQmlqT0VXVjIwQUFqQlpwNXZTcW91ZnRvTFRuX2l5RUVOdVk5QzVPT2lYUUlqazFSVmJqQjdkcFM1Z05hRmlGVdIBwgFBVV95cUxPaWFVTF9SRFYyXzBLM00tbWVpdExDaHBVZS05ajh1bDNmSjRCZ3VoQ3pqdmNOS1d5YWdrZ25pSE9tREJVZUdJX19md3ZwanA1SHJKS1dBV3NkdjVGdlpOMktRUXhTa1l6SEl0X2ZUT1pPX0IzekF5MnFmbGNYTVQxcVB6eXdGWGxxSTVnVEZocFBJNGNPam9RTFM2MlQ0MzVyWjJsWmNsRXpqUFRxV3FJcC1Yc1lpLXg2eThVeXJEZGpQdw?hl=en-US&gl=US&ceid=US%3Aen,The Electric,7 hours ago,Advanced Threats,https://news.google.com/api/attachments/CC8iJ0NnNTVVVW95TlRCUmNHdEJXbkY1VFJERUF4aW1CU2dLTWdPQmRRbw=-w200-h112-p-df-rw,2025-07-06T16:48:47.999935
Did you know? There's a natural lazy river near Louisville you can float on,https://news.google.com/read/CBMingFBVV95cUxQeDcyNGlQRlU5VV9oVkJTYzFLdkxuQ0lZX1ltSzNwSUhHYmZneFAzbXNCQXVoNXZKMHRESk9iU1JHWnAxcElCd25xU0p6VkU1QUZJQXE3bzlJTlJPWVhuVGhEQmNiX01HN0VJM1pTWVdlVktyZ2RISUZWaUc0U1RHMUhXNFBYZy1YRXBVRW9Lc0VGMGZKLTI5dDRRNktKUQ?hl=en-US&gl=US&ceid=US%3Aen,WLKY,20 hours ago,Advanced Threats,https://news.google.com/api/attachments/CC8iL0NnNXBXRGhTY0doUWFVNVJUMTlQVFJEU0FoallCQ2dLTWdrQjBJQmxUR0pMc1FF=-w200-h112-p-df-rw,2025-07-06T16:48:47.999939
Ingram Micro says identified ransomware on certain of its internal systems,https://news.google.com/read/CBMiswFBVV95cUxNTlZ5MDJKOXV2aTQyUlpjZWx0S3VKUEhvSm8yWk1Wbm8yei1wenpraUpxZGJ5Z2owQTgwN1RjWUpBc2JGNVFPbDI3UVE1aDdMbzNSMG1XVjloaUEzcFN3YXF0bVliZ25XZ29ZODVlLVNETnFIOHVEbVhwYThmdUZHSFhwY1lGUlRvdlRLd3lCd0lzRGIybW1LSGVqckFERlRPcVJJQ2QtM2Q4ZjJDNEZUTGpISQ?hl=en-US&gl=US&ceid=US%3Aen,Reuters,14 hours ago,Ransomware,https://news.google.com/api/attachments/CC8iI0NnNW9iM281TlV3NFlWaHNMV0pNVFJERUF4aW1CU2dLTWdB=-w200-h112-p-df-rw,2025-07-06T16:48:47.999943
"Ingram Micro Confirms Ransomware Attack, Working To Restore Systems To ‘Process And Ship Orders’",https://news.google.com/read/CBMizAFBVV95cUxNNG5OWERycGxCdEo4M2JIN2haX3NHbE15XzZmbUR3RnRoV2lxYVJpQW9HTGc1SV9sTkY2bUpsTnp5ZVNfQnRLMGZLb1VoUS05bmMxQ3hGQnpzTWIwd0FDMVFGR2FWcHdhQk45V1E3LVl3ZTRETkQtbjRiTGRGWVVZcUg1NGRoNDFoSF8tdFNYcmxLYlVFeFlrXzdGTEN6SzAybDVGVGNoMmh2SWhXOGprMDFSRE9KT3FsTjBQOVJLeGtZN3FlSmtWMERkcUI?hl=en-US&gl=US&ceid=US%3Aen,CRN Magazine,2 hours ago,Ransomware,https://news.google.com/api/attachments/CC8iJ0NnNHpkSHBTZDFoamVrb3lUbVZVVFJEWkFoaUZCQ2dLTWdNQk1BQQ=-w200-h112-p-df-rw,2025-07-06T16:48:47.999947
Orange Strengthens Sovereignty With New Defense & Security Division,https://news.google.com/read/CBMitgFBVV95cUxOWjhaOGlsUExvbG1nM3FveThtQ0JhVVlnUzlxcUhPSEhCX2JqRTVfYWpjcnVwbzF0OEhSUzRMaXJObWVzSjc2bFdySnc4MmpGMXlwemJhMWJxMG9Qc3FvTDhIMjUybE40X0NuTXg3NFRDR1ctT3paNE5pVWdPZ1RaQjB4M2FyV1NGTTBwMEl5dlhUNWJhQjlqd2RzRmFIcmtpRDlyb2txaVpWTlZ0NFdYaXUwaHJ6dw?hl=en-US&gl=US&ceid=US%3Aen,MSN,6 hours ago,Critical Infrastructure,"https://encrypted-tbn2.gstatic.com/faviconV2?url=https://www.msn.com&client=NEWS_360&size=96&type=FAVICON&fallback_opts=TYPE,SIZE,URL",2025-07-06T16:48:47.999951
Silicon Fortress,https://news.google.com/read/CBMijAJBVV95cUxOTTl4WXZfbXdKaEJ6SHlvaGQtUDh2UWU0X2VsdHVEX1JVbFFVZ0VyWkNnczI3d1pHSE1ra2lJNTlLOFAyRlozZEVNdk9kTzBIZ0VuZXp0WnBqUjVHZUl3ajBHc2J5VFRHSnVBMWRzRWhKOW9kTjUtejB2bG5OXzFGZFcwaTg0Q3RMTzBFTjZma3Ria0lOa1ZCWU83M2dqbmFDZXBtcC02NE9CWXdIWmU3cHRPRkRQSTg0SlI0SDItRDB5dldkWVV5MWhMeG1NWm42SkRJenUybnVSSmpJM3p0ZjdlckNZcFB2X2dtd0pVT1NzZDZnMWJ2WENEUEVFcE0yLVN3MmxVcmgtdllz?hl=en-US&gl=US&ceid=US%3Aen,MSN,3 hours ago,Energy Security,"https://encrypted-tbn2.gstatic.com/faviconV2?url=http://www.msn.com&client=NEWS_360&size=96&type=FAVICON&fallback_opts=TYPE,SIZE,URL",2025-07-06T16:48:47.999955
Prague at standstill after huge power outage hits the Czech Republic,https://news.google.com/read/CBMiuAFBVV95cUxObnpxb1ZmVnFYb0czSk1BWmNaNktYdXNobkFXMk9lb0NwLXZuRXl4WVJGVXhWUFFNTXIyUWNFeWFuckdTN1FJUElTMzBDYVBuWW83em5hZUUyTXh4SzdSa3dIbE55TjUtejc3RnEzNHJEWTRaTEljeTYwNmtKVkJaUEJqTnZ4M2xpMno2NE9oeDJjZGlFYWVCUEZzTFdDZDI5WTBkaXpSN0I4OWJRSkI3d0t5M2p6TXV6?hl=en-US&gl=US&ceid=US%3Aen,MSN,17 hours ago,Energy Security,"https://encrypted-tbn2.gstatic.com/faviconV2?url=https://www.msn.com&client=NEWS_360&size=96&type=FAVICON&fallback_opts=TYPE,SIZE,URL",2025-07-06T16:48:47.999958
Could the UK suffer a nationwide power cut – and how to cope if it did,https://news.google.com/read/CBMizwJBVV95cUxOZlFVQmRHUUx1MWhTS2ZGdmd4QmEwNzFKOEs0X0ZfdU5hUlF5VkJNNjd1MWNRQzQzcDViTlo4X0xySzFGMGpkRFNRNzl6TFhNSmlNUlVTQkJ3NmthOThCVGhYTExSdEl1S2ZwcVMwWVZTTkJ6ektSeE9fMGMySG94MVNTdTlKelBZVHZXNjgwUUY4QmZfTk1KYzFsSUVWazh4V2g2LWZHZWZnRmRfQmlseFFTSnI2S3B6YXVxRUlIWUdqMVVsUHZncWhoTk5qZWdOZ3ZfZHhvX0NEQU5tX0phZE9ybGFud0ctcVRiUmFQU04tODA3bVd2dlZacVo2cV9HelV6VXNveE12bHo5TzhjaTBoSEF2ZXJReXc1TGk2RDF1ZEM5a1NyemFvQVlCWThfLWJFYXdkLTZDZHVmbW9XQ0l1amJFSHF2YjczT0dDdw?hl=en-US&gl=US&ceid=US%3Aen,MSN,7 hours ago,Energy Security,https://news.google.com/api/attachments/CC8iK0NnNXlPV04yYlMxRlpEbHhWMWM1VFJERUF4aW1CU2dLTWdhQllJeXdPQVU=-w200-h112-p-df-rw,2025-07-06T16:48:47.999961
Ingram Micro's Ransomware Attack: A Critical Inflection Point for Tech Distributors' Cybersecurity Risks,https://news.google.com/read/CBMiyAFBVV95cUxQc0RWcVNMZkdwWloxRFhQVzRjZXlWZWswVDlUT29ydlBoYVU4dDYzQWNia1ZTbVNEZ2o0NTJzTlB6cUZZTlQ2d3h0RGpGQ3FocENWUGdYZHlfRHIweG5EUHFyNWNjX18wNFNDbE1oTnhQYnczQ3RQUDBBbzlTS1lSSllYcnMtQmZ0S2Yzb092V2RJZks1anpKOU5QeXoxaW5MOXZzbk9Jc0NTSFRDUnZLV3Z1azByOXkxNDh4UjVPdXZkajRKcDEwXw?hl=en-US&gl=US&ceid=US%3Aen,AInvest,13 hours ago,Supply Chain,https://news.google.com/api/attachments/CC8iJ0NnNWpOWFYyUlRoTE5tTXpVbk5TVFJDZkF4ampCU2dLTWdNQlVBQQ=-w200-h112-p-df-rw,2025-07-06T16:48:47.999966
Security Affairs newsletter Round 531 by Pierluigi Paganini – INTERNATIONAL EDITION,https://news.google.com/read/CBMi0AFBVV95cUxQdXM0RDJ0Vjh4aEphdXVpbVVFN0tkWW5EVW1pbzFLWlhlclhWOW0xenhwUG9aemIySllpMVVKYnpSZ1Q2YjRDT0RpdmdmSlYzenhQZlBCc0pscERfeVllalQ0X0VPSkhYdllmOW5CeDFxSFQyRFFWZzNJY05MN3RCWEpUUk5aVEJIdXhKNmhUOTgySTBUMUlYQmhTREdlcmZ5SzdMQ0dBaERNcmtMWHZWci1RYXNfZVJJMWNSRnBqNWZTTFltZDBCWW1WUzFhU0Vn0gHWAUFVX3lxTE4tNng1NlpsU2pyRXRIbkxkN1UwalZIS3VDT2JhLU9SZEpQOE92ckRhb3l5enoyeUtRb0xVcU8xV242bjVhNEZrTUxkcHhHVlM1bkRvQk96U1BncHhfb1NTTzBJd2RhV0ZEMGF6V3NPRXNaNjNmYWs5azFHX3Yza3NFN09pXzZVN0wtSkotOEdHUkhkWGpxdk1GdXlxTHZSaEFRNjZwMnBidTN4TEMzd2h3RlpyaHJfc1d5b1M2TEk5Sncta0JBMXFIRHRNbE0tSmlFbXlHVFE?hl=en-US&gl=US&ceid=US%3Aen,Security Affairs,11 hours ago,Zero Days,https://news.google.com/api/attachments/CC8iK0NnNUdWRFoxWjJadGIycFpSRTlzVFJDZkF4ampCU2dLTWdhSkE0aUdGUXc=-w200-h112-p-df-rw,2025-07-06T16:48:47.999969
"Week in review: Sudo local privilege escalation flaws fixed, Google patches actively exploited Chrome",https://news.google.com/read/CBMi2wFBVV95cUxPcHZWRGw3MWxLdDlRc05OanRGN3REWmUzNU5xdFRvdy1sZnRfZEQwa0c4Zjc0OUVFMmdwQXB5VnhCU2lvWkZMMXlQSmo5dmt3X0FadmRNTzhqMjRyUnhJbzhEVzZ6SFJDNHNpcFdVT25zTDV2T2RiTmFIVVAwaFVuZDRoUlMxZjFkeUVVc0pfVHUwWnVnVHg3XzNlUURnVjAxLUlPQ1VMV19PSFhZS2E5OUhuU3FGcmRUWW1YbUN6NHlHOVBOa0xhMnJHLWNWdzRTakZVeEY4Y0s0bkU?hl=en-US&gl=US&ceid=US%3Aen,Help Net Security,8 hours ago,Zero Days,https://news.google.com/api/attachments/CC8iK0NnNWZWVkZUTWxkRVNXTnJOemhIVFJEZUFoaUtCU2dLTWdhUmdwQUlNUVk=-w200-h112-p-df-rw,2025-07-06T16:48:47.999972
The AI-Driven Cybersecurity Revolution: A Strategic Investment Play for 2025 and Beyond,https://news.google.com/read/CBMiogFBVV95cUxQZjVzTDlnT01jV3hTb3VXVHAzelpmV1FMN25XN3Nxek5KU28xWDE5M1E1d3lmblRRSjlTaXRQNlJTblY3d29HRDh1QnVkZUtYRUVmZ1VSZXNaWU1vWHlrOFJEZnZLSkh3el91Tm9pczEzMkctRzRIcUptcndvbHFURXVycGVpdFozWURpY3d2SnBYR0FWdGNQdFBCaTJHcmRPWWc?hl=en-US&gl=US&ceid=US%3Aen,AInvest,10 hours ago,Zero Days,https://news.google.com/api/attachments/CC8iK0NnNVhUMnhpUVhBM1ZGbHhTQzF0VFJDZkF4ampCU2dLTWdZUlk1QlRJUWs=-w200-h112-p-df-rw,2025-07-06T16:48:47.999975
Benz Mining Corp. (CVE:BZ): A Bullish Catalyst for Retail and Institutional Investors,https://news.google.com/read/CBMiqgFBVV95cUxNYmFXbmNHNTRmVUpQZG1xaUphNng0YlNjdWpmQkR5WmJPLTJoaDZHdTBrWUxuemJEMmN3Uzc3U2s0X05WdnJjZGhTVGpZZy13WHdaaHkteVloakhjUndzVVlCQ1dQNWlvM0oteU5hTnVjOG1vVWdEMG9ZQnVfUV84WXczMmNYWWdybUFvUzFuT19FMDBuRDhCcTNDY25OMGI2Q3U4V295YVR5QQ?hl=en-US&gl=US&ceid=US%3Aen,AInvest,3 hours ago,Vulnerabilities,https://news.google.com/api/attachments/CC8iL0NnNUNaMlZxY1d0M2MwaDBlakpZVFJDZkF4ampCU2dLTWdrQkFhYURFaXRGNVFJ=-w200-h112-p-df-rw,2025-07-06T16:48:47.999978
"Individual investors who hold 42% of Benz Mining Corp. (CVE:BZ) gained 51%, institutions profited as well",https://news.google.com/read/CBMihgFBVV95cUxNREo2LW9lWnJrWm9TcTV2S2RHSkN1THUtMDBLbHJZUVFHSl9hSlNBQUhUd01iOENPM3lqQ010dk1qVXg4d0swUk1Nb2ppVUhTQnJTNVFUeFRwS0FDRmxJVHdQTXNWNTBYeFR6enMxWmEzdDg1MjlfMklSV3AxckEycHc5UVVPQQ?hl=en-US&gl=US&ceid=US%3Aen,Yahoo Finance,3 hours ago,Vulnerabilities,"https://encrypted-tbn1.gstatic.com/faviconV2?url=https://finance.yahoo.com&client=NEWS_360&size=96&type=FAVICON&fallback_opts=TYPE,SIZE,URL",2025-07-06T16:48:47.999981
Trend Micro: The AI-Driven Cybersecurity Titan Poised to Dominate a $3 Trillion Market,https://news.google.com/read/CBMirwFBVV95cUxNLVpTWXBid2dzdjhKOFpRSEo4a2RjUjRwcXJVSlFYanh0Snc2QlowZ052TjYydEF2V1EwTWdHTmtWM21ZT1dKa3R1ek5ZdGlxb08xT2gzeVowQXJDdDZIMGkwT2ZRaG5zRTZOOUcwcnJFT3UxQmJ1ZW1RM0pvaU9HYnZtMnllQmFkd2VTeUR2ZUF6X0N5R3Y2WVY2TTNTd2ROV19Ia1VwWnFGRXVqWWNB?hl=en-US&gl=US&ceid=US%3Aen,AInvest,5 hours ago,AI Security,https://news.google.com/api/attachments/CC8iK0NnNXBhVGxUU2s5eGR6aE5URVJsVFJDZkF4ampCU2dLTWdhSlVZaUh0UWM=-w200-h112-p-df-rw,2025-07-06T16:48:47.999984
How AI-Powered Disinformation Could Ignite a Nuclear Crisis in South Asia,https://news.google.com/read/CBMiS0FVX3lxTE4zNURFMXdDT1M0eGpMNXVVZE5NVm82Z3ozMDR5VVV2VjJJNi1FcXRmT2ZLRkVkSWViOTFkZ2tkVkZSaXRhVkk2akVoSQ?hl=en-US&gl=US&ceid=US%3Aen,Modern Diplomacy,7 hours ago,AI Security,https://news.google.com/api/attachments/CC8iL0NnNTVUWE5TTmxKWldqRnpRVmt0VFJEZ0F4aUFCU2dLTWdrQmNJaEZzcWRETXdF=-w200-h112-p-df-rw,2025-07-06T16:48:47.999987
Quantum Computing (NASDAQ:QUBT) Trading Up 1.6% - Time to Buy?,https://news.google.com/read/CBMitgFBVV95cUxOd2owQ2ttVUpSdldqR2h1d3BOMnRCNzUyTTdnTFVsai1HTFdVYVlqWnJteWNGN1VJbktIRjR0b1NGQXZLUjVlMTNRRkhReFR4MFItU1FLQTZERGFtcVptUXNERVRsd3NHdGxPMjhMcXp2OTFxTjJCcU44aUJFcWVrTlVoSGlJRlpiUlZjWlpWUXdzcHg4Y1pZWkZqVlFqc3FveVJjXzlJa0JaUjAyUkZ6UjUtNzNpdw?hl=en-US&gl=US&ceid=US%3Aen,MarketBeat,9 hours ago,Quantum Threats,https://news.google.com/api/attachments/CC8iK0NnNTNXa2hqTURSTVlsSXhNMXA0VFJDZkF4ampCU2dLTWdhaGRKS3JzUVk=-w200-h112-p-df-rw,2025-07-06T16:48:47.999990
The UK releases timeline for migration to post-quantum cryptography,https://news.google.com/read/CBMi1AJBVV95cUxQMzJsQVUtYXVTSGxLLWpyY28tWDV5Q05USnFJcWRzNWV4cWpVbWhUYTI5UE1fSHBubGxfVzNYOUYwazJqRW13RktERmxmcjVGbDZwVHZ1WWhWTmpYYTJzUnVQUUNWa3l4bTBrS21lbHROWTRqbnJTX09xR2t1cmRSOVBreWpqRTZMUXo2OTV6bXY5bndWZHFVRDNmVHBicGItdU5WSWR6d05YSXEtNllRenMwMnZNeFVBM1U2NlZTaVA0SHNDWlpzR3BYdjNwMHdxcFNZbXlyRUUwV2VmZi1VUk5ySnpZa1pnT3NWdXpRTWcwTWJMN0VfT2xLYl9GbURGQmVCRk9Dek9sTEROdVRGZjBKMnBMNXVXWmtCQ0VkZHEtYVdtYmxHWXBpZjFRa1dXX01PS280RUxHa21uREpKek5zT1RFMjdzcGdYb0UxMTNhdFlf?hl=en-US&gl=US&ceid=US%3Aen,MSN,11 hours ago,Quantum Threats,"https://encrypted-tbn2.gstatic.com/faviconV2?url=http://www.msn.com&client=NEWS_360&size=96&type=FAVICON&fallback_opts=TYPE,SIZE,URL",2025-07-06T16:48:47.999994
Navigating Geopolitical Crosscurrents: UK Equity Risks and Opportunities in a Polarized World,https://news.google.com/read/CBMiugFBVV95cUxNcWN4aElBS3dYNjZJeUN3dmRrRndWWXNkT3NfR2xlcHlWaEstb3pnQ3Z3ZDZWSGdaaTgzSDR1QnBicjZrQkxGUmJ4YTlYRmg5dXZXY1hnX2xsTWRUOXJ3XzF5dlpmQXN1OEdpdF9GQVZ6UENmdjNhOUZqQWlKb21GS3lkY004Tzg3QVBzQTR2V0ZmaG1HZEh0RVQ0a09US1NVaVhjSi1PNlFlZjNDa18wdFV1eTVsa0VzaHc?hl=en-US&gl=US&ceid=US%3Aen,AInvest,23 hours ago,Quantum Threats,https://news.google.com/api/attachments/CC8iK0NnNXFibGhRWDNWUmVXSk1URWxEVFJDZkF4ampCU2dLTWdZVkJJakxyUVE=-w200-h112-p-df-rw,2025-07-06T16:48:47.999997
"80,000 Bitcoin Worth $8.6 Billion Moved for Security Upgrades",https://news.google.com/read/CBMilgFBVV95cUxQUVNDZXhKUWZZNS1UekVsd3I4U1VmVWtaQ3dhWFNvVHRRQ1hvX3hSZTFkdjN4VnJpU21WcUlMZzVTdUNEZTNlcS1Ic3VDRFl1cWZ2SlZ0YnpNVmZVWmIyTmwwR19RYm9Xa0Y0TFFielU4MUVmUDFpd1JaRWZuLWNvRndZUlNpRWxkR0hVVUQ0RjRmOUNnWlE?hl=en-US&gl=US&ceid=US%3Aen,AInvest,9 hours ago,Blockchain Security,https://news.google.com/api/attachments/CC8iK0NnNURiRkkzVVVscGVXVjZZVVJyVFJDZkF4ampCU2dLTWdhVlFvYXNRUU0=-w200-h112-p-df-rw,2025-07-06T16:48:47.999999
Here’s what happened in crypto today,https://news.google.com/read/CBMiogFBVV95cUxQVzdXc1RCdGlrNDJha3Q3b1lXUlBtMkVEbjBVREpvVlVBUDZHcTJTNHZDNF80T0loOUJTaXBVYnlocHhNc05ZTjQ0RUdMZ0lWRTFUWmFLRDE3X3BhWm9DaTA2NktBTko3LUpudzJEZVRRbk1DdE9YSGhyWGlsbDFUbUM2UlFucGd5ODRZdXdyNnF4RDNtR1JtMGFpcTJSRUhCM0E?hl=en-US&gl=US&ceid=US%3Aen,TradingView,3 hours ago,Blockchain Security,https://news.google.com/api/attachments/CC8iK0NnNURZazV6YjAxTVVtMDBUVGxSVFJDUkF4ajhCU2dLTWdhQlVZaUV5Z00=-w200-h112-p-df-rw,2025-07-06T16:48:48.000003
"What is Bitcoin? The technology, value, and the gamble behind the hype",https://news.google.com/read/CBMikgFBVV95cUxQb0pqUW5MTnZZczZVQU9oNDlGODNLVHVxc0xXTnFaU0VpUkhJRnJVOERKbHdOSThxclhFOXhRaXc0VmpyV3Q0Q3lIOEtpRmE0VjQ2YnlOREdWZk1YQjV0a0ltRjU5QXFfVURSMVNJQmVkX3F1a1FEcXNlRkpTQ2RZb0pQb0JqcXpBXzA1MXNlclFUdw?hl=en-US&gl=US&ceid=US%3Aen,The American Bazaar,15 hours ago,Blockchain Security,https://news.google.com/api/attachments/CC8iI0NnNVVOVjk2VlRkT2EzZENWRTkyVFJERUF4aW1CU2dLTWdB=-w200-h112-p-df-rw,2025-07-06T16:48:48.000006
China issues arrest warrants for 20 Taiwanese accused of hacking missions,https://news.google.com/read/CBMi1AJBVV95cUxNWEVYSHp6MmhOV1BvcV9FdWFDUlMtR19rMEZ1NVliV3I4TEhqQkhqZmlTdndibEctNXdBRHZFS1IxbnlteGJITE9CS1oxVVQzNFdBV0lNOHdodXRQT1N6Q1QwM2JPa1NmVVd3NThEY0l0OVRQZUxjNW5HZUZJc0tnV3BHZVZlcUlGX0lrRnlmUTdCMjNlZ2s1MkR2THJicjlzMC1wT2JBdUFIUEM3Rjh0MDR5cThTTEoxMWxnZWlieTNiQUxXZTRHWlRuQ0pXNzFvR2thQnlfYTI3dDdMR0xpNVJtdk44b2FSeERlUzlGLWQzUl9KejctNkpjdXBoS1UzMU9YM3VuTGRnUlo5THl1RVljQWlFckpwR1NRaFZaZmNhbUdqM3FlX3NBNkZndFloTExYRm8xUUJIS093V0R6cU4yY3k2eWVIb0FCT05uSEFsQ0lY?hl=en-US&gl=US&ceid=US%3Aen,MSN,10 hours ago,Taiwan Security,https://news.google.com/api/attachments/CC8iI0NnNDBVWFZ2ZUZWdUxUa3hSREpaVFJDZkF4ampCU2dLTWdB=-w200-h112-p-df-rw,2025-07-06T16:48:48.000010
Top 10 Daily Cybercrime Brief by FCRF [06.07.2025]: Click here to Know More,https://news.google.com/read/CBMijAFBVV95cUxNdkZRVWNzdHJXeU9vRFV6X1lNNmtnaUZ1Y3R2RnJtN0ttZzVSWjVJRWllTnUwSzZIYjNlY1p5LUx3MU9qWXhKS1BrZWFGM3I5ckJjM2lDVlRQYS1IZXEzNDREa0htUUt6MW1WYUZ0MG1wOWtQMzUxMjh0QmxSdHNmUHdnbDZjdUxlbFRDYw?hl=en-US&gl=US&ceid=US%3Aen,The420.in,10 hours ago,Taiwan Security,https://news.google.com/api/attachments/CC8iK0NnNUtSa2xYVDFCWlEwOVhVRGhEVFJDZkF4amlCU2dLTWdhTmRaSUhxZ2M=-w200-h112-p-df-rw,2025-07-06T16:48:48.000013
xmv(monero v) latest news - Automated Investing Real Profits,https://news.google.com/read/CBMiZEFVX3lxTE5aREFaVVphcE1wZmQ4a1RGTXAyWlc5MGJFeEpOcjRjMEtNM1V2Qno0WG9rZ3dOcVhSQzlpbWtLOWFRbHlJT3hlSWNXcWxTSmgtNTZDLWNZNkhvVGUzT0Rib292dno?hl=en-US&gl=US&ceid=US%3Aen,Newser,4 hours ago,Taiwan Security,"https://encrypted-tbn2.gstatic.com/faviconV2?url=https://www.newser.com&client=NEWS_360&size=96&type=FAVICON&fallback_opts=TYPE,SIZE,URL",2025-07-06T16:48:48.000016
"OPINION: Australia’s Role in Ukraine Is Almost Invisible, but It Should Be Proud",https://news.google.com/read/CBMiS0FVX3lxTFB1ZXJFTlBrZzJBdVlrYm9DMFhwcU1MRVI1SXZrUjVsSS1uNmE3ZXF4WW1aLVQwOEo2MFJGMFB0bWtPM2lvcGpIUVBtVQ?hl=en-US&gl=US&ceid=US%3Aen,Kyiv Post,5 hours ago,Ukraine Conflict,https://news.google.com/api/attachments/CC8iK0NnNUxVVGMwUkVOUFpEVTVhMVZTVFJEaEF4ai1CQ2dLTWdZQk1KakptUWs=-w200-h112-p-df-rw,2025-07-06T16:48:48.000019
"Live Updates: Netanyahu prepares for US trip, discuss hostage deal",https://news.google.com/read/CBMickFVX3lxTE9qdVREb3VQSkVEVmpscy1TQnJKVHd4Y0ZJVDRyZ3dUYkpXZjFFRXl2dkZ1V3Z3SDAtWXd5bDJYeVpWbEtDUnFycy02NndYU1k3eWhVREc0dktxREMyT0VLbFh1MTBhNDdQRVhhN3o0ZFhIZw?hl=en-US&gl=US&ceid=US%3Aen,The Jerusalem Post,46 minutes ago,Middle East Cyber,https://news.google.com/api/attachments/CC8iK0NnNWlhbFJrVkU5eldqTmpMVVZ5VFJDZkF4ampCU2dLTWdhQndJSlFXUUk=-w200-h112-p-df-rw,2025-07-06T16:48:48.000023
Social Security Administration phishing scam targets retirees,https://news.google.com/read/CBMilAFBVV95cUxPQ2FPRHI2eGtiX2ptdlRlZksxemJsUGFyZGZqNF9xYmJyNVZUY3o5SDF3UHg2U3hQWmstVkt2Mi10OW8zUVhGOW5NTGZTdmIxLW5uamlobUw5VGZ4VldVRjUwT1NzVWZsVjRXaGdoM3Jma25xSWRIQTVVQmVfQmtWU2ltNEpMZmVsN3llM1FZX3ZzVHQt0gGaAUFVX3lxTE1yb1hLVDFLUUZSdjNoTV9xZTBzNXNwRzBqYkhlRTdpZWJwbHZDaU9TNFJzNVo5LThzeUZYcHZma0pYaTd0UEgtcjBaUG80QUtET1FPMTdyamhfLXNOSkI4RzFHN1QtanUtd0xubWIzdW9MVHFGamtPdTI5TzdSUVVVYlVSNmY1Y0N0TkI2dFlBYzc1cjV4MFFXanc?hl=en-US&gl=US&ceid=US%3Aen,Fox News,2 hours ago,Phishing,https://news.google.com/api/attachments/CC8iK0NnNUVSVUZFYjBsNlptcDFZMDB5VFJDZkF4ampCU2dLTWdhQm9vTHhTQVE=-w200-h112-p-df-rw,2025-07-06T16:48:48.000026
NordVPN blocks 90% of phishing sites and earns AV-Comparatives certification – again,https://news.google.com/read/CBMi0AFBVV95cUxNdDdLWG9LR0xET2xtRWVPYkdEOF9yOGVkUDJMSlNCUkNsLVZzZjFfdnA0Rm1ETFRfODZadDN6QWoxZ1RZUi1ydW5MaE5NdXVYb3dCMlFRNVpRR2lhLU1ZazR3a3Y1TXBBWGdHZnAwUUlrQjhLR2hkVHBSMXU0di1CbllfWHRDWU5RQWZ2NGhPM3RaVjVCbGNDci1neVVYM0FqRzg2Z3NSb2RiaFRUa21qdXQ4dzROVmtVMzRBV2VJYUExa1dsdDhOak1jY21IaE43?hl=en-US&gl=US&ceid=US%3Aen,MSN,2 hours ago,Phishing,https://news.google.com/api/attachments/CC8iK0NnNUhWalZZYUdWWFQxaDFaakJ6VFJDZkF4ampCU2dLTWdZdFpJYk9MUVU=-w200-h112-p-df-rw,2025-07-06T16:48:48.000029
ChatGPT Opens New Avenues for Phishing Scams Targeting Bank Logins,https://news.google.com/read/CBMilwFBVV95cUxPRVVMZzhMTnFJNl9ITnIyd2IwSktoR0JiNUlMSWEzbDN4RmNITzJtQ09IUUxXRXR5dk5DX0ZrZ0U3eTY3RV93c0tiYUc0SW9fMXp5SzFlS1NwOUxmVGVDbGViVU5kQ0hBcEl6UlZnRmJid0lxaDZpalB3VEJZNk8yTGVxQ3hkNTJ3TmhWTVp3U2FNU2RoUXhz?hl=en-US&gl=US&ceid=US%3Aen,OpenTools,4 hours ago,Phishing,https://news.google.com/api/attachments/CC8iK0NnNXJUelZuVTJKMU9HMXFXRkZNVFJEaEFSamhBU2dCTWdZUk1JaU9LUVk=-w200-h112-p-df-rw,2025-07-06T16:48:48.000032
GCSA-ResNet: a deep neural network architecture for Malware detection,https://news.google.com/read/CBMiX0FVX3lxTE1GQWJLYjZ4c0RfN3drMENQZ0xoUFBfbE1vRk1PcUx2ZUJmQUNON3hsUmM1YWVjVTlKbTVOYVkyRHczcTBGazNUZFlfZmVzNnNTTHlDcWszbnRmQmhrY3Rr?hl=en-US&gl=US&ceid=US%3Aen,Nature,9 hours ago,Malware,https://news.google.com/api/attachments/CC8iK0NnNXBha2x3UVhsSU0yeFVRVmM1VFJEdkFoaXRCU2dLTWdZQklJcHdyUWM=-w200-h112-p-df-rw,2025-07-06T16:48:48.000036
SECURITY AFFAIRS MALWARE NEWSLETTER ROUND 52,https://news.google.com/read/CBMimAFBVV95cUxQRzBsNEZuOU9LSkFYNXhraXREUkZxVlM4S2RpUHowN1I4TGhPbXM5NnN5bU5WZkRHMjZUNFhDUmZITUE1a2EtenBUOGdGMUtSZTRaNi1iSWVQT25oUjdnRmZTakkwLUtKdU1OblVMak1RSXROWGhham41dHdKRWs0bnVjTV9vaVBIUC1leURFa2UtYVd4WDlCNNIBngFBVV95cUxPeGlJT3dtQktWSHAzR2ZqS3dGRU94Q2tDek1aYXo5Z3Q1WVpWYUloRmNjMWhvYTVIckxwcTg0eU53RWRUMVlXYXBGaUNROUxESEw5bzNKOUYyalZnZkR4WG05R1VWVUQ4WnhrOWhaVS1rYnV3LUdxMzNIVlQxSS1temJ4YjB1SWE4b3FJUmJkMklWd3hERE42Zi11bkZEdw?hl=en-US&gl=US&ceid=US%3Aen,Security Affairs,4 hours ago,Malware,https://news.google.com/api/attachments/CC8iK0NnNURTaTFuU1VSRE9GRkRURnBKVFJDZkF4ampCU2dLTWdhaEZZN3NGUW8=-w200-h112-p-df-rw,2025-07-06T16:48:48.000039
This new malware has developed a spooky way to tell AI-based detection methods to ignore it,https://news.google.com/read/CBMi8wJBVV95cUxPU2E5QUxLYjA4QTBIQmxrYXVBdXJkNnNnNWZoNlluVE5GT0FPWmRON2p4NVZnbDZCRV81eGl6UkFaX3VFWTNjUnNCaUdoLUk2NVBjaVQ0UU5sMjMzVm5lX3NMM1EwWjJOQ2lSZzRBMEJqbWNfNEJ4UXp6dnV6ZWgzWkVBR2FXakxqOTdmM1BuWEs2akNaek1TWmdmd05XYmtUc3lPdW42b2pZdjl2RFhmYU9ZLUs3VVgxcHNFNmpaeFNrcWNrX2o5bXVYRjA5cV9yOEVkaFlEeUlnNi1JNmxYUVNTandCeEw3R2E4ZlB0OTdJZVVzXzdrUlNDbU90X0dhdk5zaXpCclZrY1lfU2JjekFvbEliWTc1UWkyVW5fMFB5dEtwUjB5bmg0M25walV3MkxodHBiczNHclVid2tmUDZha1JFY3EzaFR0TV9VMFBuVDFHZV9SOUpyTXF2QWx4WndxT0k5S2wyTVBSX2dEUWRoRQ?hl=en-US&gl=US&ceid=US%3Aen,MSN,12 hours ago,Malware,https://news.google.com/api/attachments/CC8iK0NnNUpNbUl3WmtKNU55MWljM3BIVFJDMkF4aTlCU2dLTWdhNWNvd3lzUVk=-w200-h112-p-df-rw,2025-07-06T16:48:48.000042
Are you susceptible to a ‘social engineering’ attack?,https://news.google.com/read/CBMivAJBVV95cUxOVDVNU2Vldy1lTmhiMjAzS2pTeU42cUM4dVZfSGlUU0xHaW5yZGc3V1JqSjR3VzJHbGdPb2Voa3ROVWJDQzIwZkVMaXd6Z0NiSllsS1NYM1UwanBGRW45TWZ0SUVhR041c3p3RXFza09uSEhqUjAydEtFUGVpVW5scWtBU2xNMlZ1aVNOZnUyT3Q0YTR4QXBWU3dQUDhJOXN3cmdudS12MnF3OG1QVk1BdGJRLTlPYzJQVGtnTHNEcE9UVUY0SlNWYW8zWGhXbE5mX0hBVHN4UW1scGJ4Sm5XZ09SREdrYmVXUm1jdGZNN19pbW1hNnE5MmYtcVQ4SHdYSjdiVjZpRFNzMHRHemFSQ2ZTQW9tV1NVcVJYNkNpRXQ1VUQ1VFJhMDQwNHFHMm9PN1VqZ3lTXzNPRnNr?hl=en-US&gl=US&ceid=US%3Aen,MSN,4 hours ago,Social Engineering,"https://encrypted-tbn2.gstatic.com/faviconV2?url=http://www.msn.com&client=NEWS_360&size=96&type=FAVICON&fallback_opts=TYPE,SIZE,URL",2025-07-06T16:48:48.000045
Sectra’s 2024/2025 Report: Advancing Healthcare and Cybersecurity,https://news.google.com/read/CBMitgFBVV95cUxPcUF6WXpnUWdUdS1VMTRjMmxUUGpsbl9mY29LNlFCVFg5QWNpM3VVd01HOE5tNFo1X3BZelZOWEs2V213ZFhnY1YyWlYtdTd0ZlVMY2VTUHhsdUI5dVA2OWJwRFZjRTFJaFlDbFp6WnNGRkxzZ1VHLTZyWF80aVJFbm81SndoWnpEVEtwcDJOSHpyNENEMmtMRXBMbXJFR1I1clgwMEw5QXgyWjR1UE05NUZLZ080dw?hl=en-US&gl=US&ceid=US%3Aen,TipRanks,15 hours ago,Healthcare Security,"https://encrypted-tbn2.gstatic.com/faviconV2?url=https://www.tipranks.com&client=NEWS_360&size=96&type=FAVICON&fallback_opts=TYPE,SIZE,URL",2025-07-06T16:48:48.000048
Why the health care industry is one of the biggest cybercrime targets,https://news.google.com/read/CBMi0gJBVV95cUxOR1JnRkE2bEdndFdIZDJQeXhHT0ROdmFsRkg5Z1JHZnVxdGUwZUhqVlBxbVdjWGRIWkstc2psOGtXUUlhZ0ZjV3FpdVlEZktjSko5QU50VkwyLWxGSkFUZ21uM1ctakdLdi13RC1ndGJBbFdrX01uUXc5QkVqcGF4c2FvbUUyVzhWRnV0M1lkMkV0VnRtMFVBRWlCOVB2UlZadW1nVGVrZmo3bUtmV19RZXZHMWI0NXJkVnVveGFoYlM5OVFSM2hZbnktdjhfckdfV2w2WUN4ZzRvV2N3bU9YWi1jWGVNWExQOG5iSF9GQjY1NE9vVEFBNnFWQlRxV3ZNcEFJOW1Oa3dEakZOWEdVMFkwUTEyLUlTUW9mT0dRU3NZaU5DTk9PWmxPZXVFbmctblFDYUQ5cnV3M2x3ZG5sb2VndjRqQUNNOEg3U1kxX2IzZw?hl=en-US&gl=US&ceid=US%3Aen,MSN,15 hours ago,Healthcare Security,"https://encrypted-tbn2.gstatic.com/faviconV2?url=http://www.msn.com&client=NEWS_360&size=96&type=FAVICON&fallback_opts=TYPE,SIZE,URL",2025-07-06T16:48:48.000051
Lockheed Martin's Crossroads: Navigating Cybersecurity and Innovation in a Shifting Defense Landscape,https://news.google.com/read/CBMiwgFBVV95cUxPLTVyUlNsc191NDV1UnpvRmFzR25ELUZlREJDbGhOSmpSVF9CUEJtSW4zOXJOYlV3OHdBbVdKbmZVYmYxc2xRZXZaV0hKeXNxWDRGX3FtLUhqZDlDeGZHUi1rMFp4YVpJZEZlcmxWdEFaZzZaWGxlS2gyMnZfcHROWjN0SVBncUd1OTM0UWszVnRoSWZsREMtYmFiMllPRzZ1eFlBc09PdXk3RHl1Y3B3d3hKbGl2dlhPVDA4THZVTTFkQQ?hl=en-US&gl=US&ceid=US%3Aen,AInvest,5 hours ago,Healthcare Security,https://news.google.com/api/attachments/CC8iL0NnNVBjblJNTVhGRlNsOVlSWE5HVFJDZkF4ampCU2dLTWdrSm9JeHBQV1l0TWdF=-w200-h112-p-df-rw,2025-07-06T16:48:48.000055
India's Max Financial reports cyber threat at unit,https://news.google.com/read/CBMipgFBVV95cUxQQUYtdXZOZzh5azRXbDlCVnk0T3dEUzFMaC1xcnQxLUF2ckxSZ3VIN2FjcnJZX0F1XzQwSjdOUzRBM2pVS1FveTNnWk5rNlNLT3Bnd1hUTVBkbkFodkNfSzFVUm1vWllJQzJEaFlGbHIyanpQYWlJcWlOZUtBTlF0UlNka3JKd1JrRl9FT1J5RkRwcUx2ZllaVFRxU1pOTXpxNnh5QUd3?hl=en-US&gl=US&ceid=US%3Aen,MSN,8 hours ago,Financial Security,https://news.google.com/api/attachments/CC8iK0NnNTJjWGszV2tOc1dqUnZURkJGVFJES0F4aWVCU2dLTWdhWk00cU9HUWc=-w200-h112-p-df-rw,2025-07-06T16:48:48.000062
Inside a $140 Million Heist that Shook Brazil's Financial Sector,https://news.google.com/read/CBMiggFBVV95cUxQZ0VUOUxWT0N0bWd6bG9KaEItckd5aXR5cUpHUW5jdmZTQVROTEFaMHJONTZjdVVtZE9NNVhqblFnZmhzeVc3dDBjTjlTc2xTZnpxRUNBVlVnRmU0QUJMNlppNlcwNEExTnVQQS10VlBlenZFQk4yNDEySG4zWnM2U0ln?hl=en-US&gl=US&ceid=US%3Aen,OneSafe,22 hours ago,Financial Security,https://news.google.com/api/attachments/CC8iMkNnNUhSa1pqWTJodU5tNVRNMEk1VFJDaUF4amRCU2dLTWdzQmNZSWt3aUpyRFBvZVhB=-w200-h112-p-df-rw,2025-07-06T16:48:48.000065
New Destroyers and Export Frigates by Hanwha Ocean at MADEX 2025,https://news.google.com/read/CBMivgFBVV95cUxNdU52U0RHaUVjZ1NkZUVVT2RWdmN4QnI5a0JjeDkwSEw3NVg0ZElvMF9weGxWdGhpSnVIR2NZTFZlN21MbVZDYk8xamV6MTNuVGRFSWlIRGhWMkh3bWJOLU1WcVV1MTUwZkxueGxXNGo4eE9aTElQRjlFM1RsRjFUV05HLXRabU8xMHBSMmxpZkNJMndVSXB0R19ncGROMmpwVWRSWDJ1cmdBUlRXUDl3TWJSUUtTRXZrelpZN3Bn?hl=en-US&gl=US&ceid=US%3Aen,navalnews.com,8 hours ago,Maritime Security,https://news.google.com/api/attachments/CC8iI0NnNDJSRU5GVVRKQllYaENWRXBtVFJEaEF4ai1CQ2dLTWdB=-w200-h112-p-df-rw,2025-07-06T16:48:48.000069
Canada playing a dangerous game in provoking both China and US,https://news.google.com/read/CBMisAFBVV95cUxOdDVzODdZYlhXT2FsMVpHT0pwTmd0MUp2aUYwWGxzdTBpc3daS2VmTTQ2endPY2xOY01Qa1FZQ1NZREdKVmI2elZTQTlncmpiNGVidGJFMVg3SXhxNXFxTVJxdjBFVGE2WE9JX3R5dDdiZjN4MUNIWGw1TEtKck5VZXctdDdPTnZSN25XTGtLQ210UHpVRmFYd3lsRG53R1Fqc1pwNTl3ZEk0TzdzMEJWdA?hl=en-US&gl=US&ceid=US%3Aen,MSN,15 hours ago,Tech Companies,"https://encrypted-tbn2.gstatic.com/faviconV2?url=https://www.msn.com&client=NEWS_360&size=96&type=FAVICON&fallback_opts=TYPE,SIZE,URL",2025-07-06T16:48:48.000073
Huawei MatePad Pro 12.2 features tools for work and creativity,https://news.google.com/read/CBMikAFBVV95cUxPWGJWcWtjanFYREtMWWl4UVU3cGY2RGxDYi16OXBTY2pfMWhmRWxaTkVrd0dvUHpUMmtBSTNwaTljcVFqdVZwcGZzZFVyMXR6U3BacmdRenZrbGliWmx5OFAxQnhCa0VkWkFaMjV2V2tnb3pRclc4SVJ5eGh3bGdxY3Y2d3N3VmtvcjVJYnVuTFbSAZYBQVVfeXFMTm1wVUpOS0RPMGVJRUlCUjVDSTBJY01xdGpkTjdLZFRyS01qWERXLW5oRG83UnVOeXBseTdEOThKVUZOeTlxb0JvRUxueGgyeHdqejIyeEdnaGdiRkZQUzZUanNDZThTM05adU1xWG9fQWJWTUhhdU9KbG1qcndIVUlqZGNUcG11M1FuQlZLOUZCVHNySG53?hl=en-US&gl=US&ceid=US%3Aen,Back End News,15 hours ago,Tech Companies,https://news.google.com/api/attachments/CC8iL0NnNVZhV2xpTjE5V1VtVlhlRVV0VFJDYUF4aUFCU2dLTWdrUlZJSnhvZWloTWdF=-w200-h112-p-df-rw,2025-07-06T16:48:48.000076
Huawei Connect 2025 showcases pathways to industrial transformation,https://news.google.com/read/CBMid0FVX3lxTE1qYy1WbWY1NUE3cl95QVRveU55RlZnS1JDdVo0ZnpYaEN3TGtJSlBSMzBuR0hFa3BxT29Ndk52OHVRMFFBZXdMS1BQcWgxTXNERjdFbXNqQUZvd3RQSDZuT1RhMGtwVDFNOER6T19GUnFhNTlYLU1Z?hl=en-US&gl=US&ceid=US%3Aen,TechCentral,2 hours ago,Tech Companies,https://news.google.com/api/attachments/CC8iK0NnNWFWbWt5YUhvNFEwaGhSSGRtVFJDa0FSaTBBaWdCTWdhQkFJUXhGUW8=-w200-h112-p-df-rw,2025-07-06T16:48:48.000079
"EU slowly catching up with Korea, Japan on 5G: report",https://news.google.com/read/CBMiuAJBVV95cUxPWVBnLU1vdWFSR2lZMU9YVHp4TmpPclNLLXFlbHNTYmNkWXFKakVCdEZ4MmNvamhLVEVDVWJuWGV1dEJSOEd2VGRlWDJyMm1YRm5fc2JfZGRNRHFkRjhtU0laTTQ4OWc0U0hlSTFzMWZfQmN5NXhMdmNIbk01OWVGWHdJWDcxQUg0ZjhBVjlmb3JlV3VmdmlZWWhndDdrWWRYRHdwM0ptZDBLdXk5cjV1R2lZUEcybGgtc3RHMl9tT0hlcl9pcVJIOThDcFBwbXl6cHJXTHR2YUlvbUcyb0xWLXRVcGxYVHhBaF8xMGh0TmNJV0ZVT0xLdzQtbVdNM1hWMmszQXN6UmZsSmR2SXJrWXg1RWVnOElxVjdpVHdOeDlfSXJSUHNuT3VPT2dsb3FQNkg1WHhiYXM?hl=en-US&gl=US&ceid=US%3Aen,MSN,1 hour ago,5G Networks,https://news.google.com/api/attachments/CC8iL0NnNWtaVTlCT0ZWSVRYcFViRFExVFJDZkF4ampCU2dLTWdrZGNJRHNLYWg3ZVFB=-w200-h112-p-df-rw,2025-07-06T16:48:48.000082
Oppo Reno 14 Vs. Vivo V50 Vs. Galaxy A36: Which Mid-Range 5G Handset Fits The Bill For You,https://news.google.com/read/CBMiygFBVV95cUxQUjdHbkV5V2lheUxJRVMxTjNTVkdMcEFzeWJEMmh0X2RpM0tlYVl5TTlBZ1NEY2VxX0tFbm91YWNtaDVfX3pzeFZraVdCS2pvbTU2MVkxYnh2NmUwUzRQZnlNcFZrS0FDWTB0RWpYZkpjTEFxd21hZHJsZm91STdGWk5ib0R4N09DdlRCTmc0eDlTTWhmYmV1WXMtVVZ1bnBXd0pSZ3pvWkYyQ1c1UnV6ME5KUFpwUHpGdmlCbFRDTWxtSk1FcjM0VFFB0gHPAUFVX3lxTE5fYkR3RDNEU0hTWWlrVG5Rd1hOOFpKYmhicGNsako4LXFLMkE2OGpYNy1jV0JlTTlJMHpBQjhjalNGRW9iUHJWSldHeFdYRWNDLUZYbnVGVXVsaWY0S3Q5Uy1ZSWpIUlNmWVVOZmpjbGw0TlFVT1pnUGRscmFwYmpFMDBzLWlNb0J5cC1QYXFyNUJfTmlzWElycUtfdUtpdzRidHkybVV3TmYyN2lyUVZnWFdqMUEtOUtGM1ZtWVZIRndXYWJlMXZ3UVM5a3NNVQ?hl=en-US&gl=US&ceid=US%3Aen,NewsX,4 hours ago,5G Networks,https://news.google.com/api/attachments/CC8iL0NnNVhYMDFTV2s5RWF6Tk1Vak40VFJEZ0F4aUFCU2dLTWdtWlFaVFhuS3FpS3dJ=-w200-h112-p-df-rw,2025-07-06T16:48:48.000086
Internet of Things (IoT) Statistics: Market & Growth Data,https://news.google.com/read/CBMiaEFVX3lxTE9oVk80OXgwcTJCWV96bFRvUm8wRVBRb1c2Q2RQTWtRc1Q2WnJBSHZha1U0RTg1bU1CaElxR1o1MjJLX0NZSzdQN0xDWV9ZdVZJbUFDUUZBcDRYMll5bXdLVG4tUGdhRElL?hl=en-US&gl=US&ceid=US%3Aen,DemandSage,8 hours ago,IoT Security,https://news.google.com/api/attachments/CC8iK0NnNXFkV1ZQUVZsRVMwdHpMWEkwVFJDUkF4ajlCU2dLTWdhQk1aVFZHQWM=-w200-h112-p-df-rw,2025-07-06T16:48:48.000089
3 IT Services Stocks to Buy Right Now From a Prospering Industry,https://news.google.com/read/CBMitAFBVV95cUxOdlNMWGc2V0NfRVpNTDdwbTV3UWlqdzdHM25oTXFiMFBjTVNaWTdaZS1UUFgyWFI4VTZuMFJlTl9JX3M2SzZ3a1BBWFl6cUFDOUFvVzhXamVvUmcxcTJ4ZE0yekpxcjBRck5WUF9xbXR3QUotMjNCTjlhZkc5YlpSWlkwM3h3QjlxaU9maUVCOHc4NHZpYjh1M29yenFiS1dMN1lCT3pfNHpzOWxocElIa2hwdHQ?hl=en-US&gl=US&ceid=US%3Aen,MSN,7 hours ago,IoT Security,"https://encrypted-tbn2.gstatic.com/faviconV2?url=https://www.msn.com&client=NEWS_360&size=96&type=FAVICON&fallback_opts=TYPE,SIZE,URL",2025-07-06T16:48:48.000092
"Türkiye, Azerbaijan launch satellite-based IoT network integration",https://news.google.com/read/CBMitgFBVV95cUxNVHREdG5jalAzREp6M2dxS1psZ2NXWXdycHFEeFU2VUVtNUxDVkRRVkQ5QWJBT0JrRlNfOThvRnNOdVVfRVdLOXAxcXBDWlVaUW5oN3pHd3JpQVF4OUg4WFEyVHJEcktZZWN6QXBLNElVWGl5Qm5OczRSZ3FSVnhFOVdrb3VaNlQwS1JtdHlWZ3A0ajFOWVcxNGs1ZF9QbFRLRzNIZjVfamhObnZFTDBwSUNFdmV1QQ?hl=en-US&gl=US&ceid=US%3Aen,Türkiye Today,6 hours ago,IoT Security,https://news.google.com/api/attachments/CC8iI0NnNXBVRUpOVURjek0wbzFVbVp5VFJERUF4aW1CU2dLTWdB=-w200-h112-p-df-rw,2025-07-06T16:48:48.000096
Musk launches US political party to fight ‘one-party system’,https://news.google.com/read/CBMicEFVX3lxTE1HOG1pbVF5cUlBNkF4ZTB0RlNLSGVMS3QzUEVYeE9MTjhjQllGVlpRaTB1RjZPaExld1ZNY0Npb3hNb21Dd0JjR3RoTGt6TnBEVU02QWFuZlkwV3JXVkt4ZGw2NVJSMDFXdzl3VWVhdGk?hl=en-US&gl=US&ceid=US%3Aen,Financial Times,11 hours ago,Financial Times,https://news.google.com/api/attachments/CC8iI0NnNXBZakJvWkhSWVNIbHdNakpyVFJDS0F4aThCU2dLTWdB=-w200-h112-p-df-rw,2025-07-06T16:48:48.000106
China snaps up mines around the world in rush to secure resources,https://news.google.com/read/CBMicEFVX3lxTE1qNEc1X0tpV1Bzbm9ibFF2R083T0lVZkNBY1BadW1zbVI4b2ZuYnl6MXdVZ1pjbkpSVk93VDc5VEtSRFNndHlob2JwbWo0dGlPdWNNc2pVUVVuUWpTUW04X2cxaE5UVFp4VE0tb3RvNGs?hl=en-US&gl=US&ceid=US%3Aen,Financial Times,12 hours ago,Financial Times,https://news.google.com/api/attachments/CC8iI0NnNVpVSEZpYUUxUFJsbEVjRnAzVFJDS0F4aThCU2dLTWdB=-w200-h112-p-df-rw,2025-07-06T16:48:48.000109
US industrial groups pivot to data centres amid AI boom,https://news.google.com/read/CBMicEFVX3lxTFBGUUZqTmhoaHJOX2hzSnFtSHQ5WXpoQWtWYVIwQ1hfUWhvX3pQWUplY1BZSEVwVXVCUzlIUmpva2d6WEFkRHIwSHR1aXR3eHEyd2dNQkZmVXJtUGJoX0xzeWZGbWlyS0lMVWNNOWMtMTQ?hl=en-US&gl=US&ceid=US%3Aen,Financial Times,12 hours ago,Financial Times,https://news.google.com/api/attachments/CC8iI0NnNW9XSEYyWkMxclVFTm9ha2xIVFJDS0F4aThCU2dLTWdB=-w200-h112-p-df-rw,2025-07-06T16:48:48.000112
UK puts out tender for space robot to de-orbit satellites,https://news.google.com/read/CBMihAFBVV95cUxOa1ktb0poaHl0bnBBNjIwNF9GdF90ZUxjVGNtRGljSnRjTTRzZTFsd2hZQ2loeGpDTmFWNi1UVGp6OWdkR1dwd3BOVFg5MTIxOUlzWC1RT1phbWM4X1ZybEI0X3loS3pYaWVGeEhVa0tWUGFZb3lWQ2xEZmUzdWdIcUhEQWHSAYoBQVVfeXFMTmlFTE8tNjdYZVplZnhjVHlzRzVXZ0ljMEU5OENIVFFrZEFNVUhFRkdKQnlIaGZPelZLZXB5azhZUmE1VklrN0Q5ZVFDbVJqY1BDTHZnNXpRcEtVcmZRUWY3U0VHQnNDUXlxdzJlMERCVW9YbzJxRjREcDR0RTBGRmlyWXFMVUJENG93?hl=en-US&gl=US&ceid=US%3Aen,theregister.com,8 hours ago,The Register,https://news.google.com/api/attachments/CC8iL0NnNXFaMkZYYkdaclFVSkhjbXN0VFJDM0FSaVRBaWdCTWdrQmdvQkV6YUk4cXdF=-w200-h112-p-df-rw,2025-07-06T16:48:48.000116
Data Networking News,https://news.google.com/read/CBMiWEFVX3lxTFBVOFJTRU13bDA2R25QRU9PdDJPTjI1QXUzV3FKT1lwZEJpanpIdF9jVWx3MnZlY09jZGpWN0FfaWFPZDNGQ01vMEJ2aVoydWRveEs5TzZGRWk?hl=en-US&gl=US&ceid=US%3Aen,theregister.com,"Feb 27, 2021",The Register,https://news.google.com/api/attachments/CC8iL0NnNUlSVTFKZUU1Sll6TmZVVmxpVFJDZkFSaS1BaWdCTWdtQmtvQ0UwU0ZOYlFF=-w200-h112-p-df-rw,2025-07-06T16:48:48.000120
Texas Flood Live Updates: At Least 59 Dead As Trump Signs Major Disaster Declaration,https://news.google.com/read/CBMi1AFBVV95cUxOZEoxQmloT1pUSlFYVHk0Sm8wcDVEQUpyc1VZTHV6N1Y3SHlzZmpmX2dFOTVXcFFvNUFFbDRvdE01cllKelNHdjBhcHBFbjl2X19zWkRTTTFyRGNqQ0FGSEJGUzZndFZVZmROSEhHd0doaHVvYlhqMDQ4M2REMTNuaTVGck9EdXAxeXZmdy1wY2EtOV9vd2cyOHlsZ1hFRUJ0OW1pbEJyb1V4Vy1sOEk4VTViYnBwc0NBWVNTQVNHZkRxZWgtbi1kRHUyN2pqMnJLUDdtTQ?hl=en-US&gl=US&ceid=US%3Aen,Forbes,1 hour ago,Forbes,https://news.google.com/api/attachments/CC8iI0NnNXBlRVZvUm5GMmNWbE5XbWRMVFJERUF4aW1CU2dLTWdB=-w200-h112-p-df-rw,2025-07-06T16:48:48.000123
Apple iPhone 17 Pro Max: New Leak Confirms Major Design Upgrade,https://news.google.com/read/CBMitgFBVV95cUxQSms2Um10QmpwRlA0X19rNDdRaDNPMzJzRW94Z3B3em9LNUVpTlpvM2hvUnZESmVEY1VuZkVNanlTeFRXbGdiRnlWT1BUZEFZZk5wQUhUbXZvaG5ibGVISXdQdmloNF9oSnlQS0pXNGZhM2daX3ZfUFJrNXd1b2J6TUc5aFp4azVpVXJEeGZYT09HU1FYVDVya2ZxS0N5OWZWUVZXbENMZ2N6d2VaUFAtRGRVTDc5dw?hl=en-US&gl=US&ceid=US%3Aen,Forbes,3 hours ago,Forbes,https://news.google.com/api/attachments/CC8iI0NnNWFhMll4ZUZsZk5XTlBNWFJzVFJERUF4aW1CU2dLTWdB=-w200-h112-p-df-rw,2025-07-06T16:48:48.000127
How Trump Can Help Ukraine Win The War And Make Russia Pay For It,https://news.google.com/read/CBMivgFBVV95cUxQNno0TEdQdk4yUzhmc2VrMC02ZDdEVTNDM0tZWTNfR3BxUjRocVE3U2VVZ2Z2STlYOGZuUTB2Tmt5Rmg4MTY3TmY4WFFrVDE4N21nd2Z5QlVkTzdMMkRLRnNzb0U0SGg0TnJCQ21hNGZPdjc2OW5uWmM1bnZPMkF6UVZnQnlTbE1hdS1RcjhnYjFKWWJBdUx0RGRiT0g3cm50MmtQRTc2U0UwZEJIUG1WaENqRVlXT0RJNllnbmNn?hl=en-US&gl=US&ceid=US%3Aen,Forbes,3 hours ago,Forbes,https://news.google.com/api/attachments/CC8iI0NnNU1iVkpEVG0xT2RHOVVTM1pFVFJDbEF4allCU2dLTWdB=-w200-h112-p-df-rw,2025-07-06T16:48:48.000130
Escalating Alerts of Dangerous Flooding Arrived When People Were Sleeping,https://news.google.com/read/CBMizwNBVV95cUxPOGV6SXJjbUoxaTNUTUJZazgwYXAzVVA4SzgxVEMwTmt2WEFrR3g0SXRLVzhQWkNGNEcxNmNhQzBfRjFBZTZ4eWxVMUx4VE5mT0daQlVCWnppVDQ5X3lvZW8zZ1JTYng3dkZRU1UxdTZ2TkkwRlJwd3VOZWVRQlBjMDVyVTFiUmdkWk9DRUg2Yk54ekhYMXl5d3FXM214STh6M0lmdFcxWmEwZWxrZFU0NnZ2VEdvWUZmcDl5Zy1lR2hNZmlSUU1hMC1Yc2szeURyQ2p3V0gyc1prbDZ3QlRYVHl2VEh3enBHRzQwM2Zmdzdpb2JYbnRld2ZZOF9NM0pITW1wTTV3WW5Ka0ZWQjdSOWlqUWZtY0dDcFpwUjlrb2I2ME1uQ0dIMzZVS1A0bHN3MktmQjQ4cGE1VnVnT0lnLVJKVVI4RlJ1WkJNWUprRTQwa0JXanFXdG4xLWE3b3J2YWpiZWZXRG1iemZiZWt5LXV0WnZ2MEQ0UElRSUNMZjE2MmhVM1pTYVR6NDN3S1VZOU1vNHpPajZSOWZDcDdNa0t5WUZ5d3pDbUxwSEF0V1RZYjI3MllmRWdneFlOaWRfY0hiYVR6akFaUi13LU8w?hl=en-US&gl=US&ceid=US%3Aen,WSJ,1 hour ago,Wall Street Journal,https://news.google.com/api/attachments/CC8iI0NnNHllSE0wUlVwQk0yUlVORWhCVFJERUF4aW1CU2dLTWdB=-w200-h112-p-df-rw,2025-07-06T16:48:48.000133
Opinion | A New Palestinian Offer for Peace With Israel,https://news.google.com/read/CBMingNBVV95cUxPZTVvZF80V0FXd3dRSlY1MzloQklVQm1WSkN4NUJpQ3p1VkllVk5tcmNCVUd5dFFyQ05BQlhfZG90YVUyOWJBdW83V284T3l6dGNzWmlvSTQwVFZKdXk3bVNyaWdqUm9Fc0tHQnZ3ZURpM1RfN0U5YnE0R3pVd2xWdFdBYS1mSldLRWl6cWtFWjVZVVpfZVc3X3pUQjZDYkIwdnltaW02dmhSR0RfX3ZPcXJMQjUtMUdoOTFicjRYQTNLblFjVkxZcXVZUXB3dHZzVGZEUXhMYWxQWktwTXRQSk9EUEE2eDkxMnIxS0xJbGRqS0lwdVM0d1VsS19xUFZYNzVBVWtzZk9GeHM0a0FCMm5lNFpBY1RENi1LOGhhVzJtck9XZ0ViOUp2WU82Rjg3d0QyV0lyemstbmx1djd2YlM2T1ZBTEZOR0RLNzFjM1ZocXRjbENoUnhxODlvUllDYzEyd3JndGtudHRJZkNNUHFjTGRidHY1UU5EX2xZZjZxSFlCUGtwODdNdEs4RTJxMXRRbTJRUl84WEZEeWc?hl=en-US&gl=US&ceid=US%3Aen,WSJ,20 hours ago,Wall Street Journal,https://news.google.com/api/attachments/CC8iI0NnNWFjMjAwYXpGVWFESlhTbE15VFJERUF4aW1CU2dLTWdB=-w200-h112-p-df-rw,2025-07-06T16:48:48.000136
The Volkswagen Robotaxi That Wants to Rival Waymo and Tesla,https://news.google.com/read/CBMijANBVV95cUxQQ0s0MVBMVWFDRXZwX3VqS1JodzdLb2U3akVTVV9LUms4TVV6TmpUX0NLZjVjdGVVbWRuSjJsV29Sb0ZjT1dNTVJDR2FQeDdFSDMxYmtGbUloWUVjdDc2RzdWSXdRTFc4MXI5d0xvOFlmTGxwX3BBZmE3ZXNLSmJxSVlrTTdlVVJkX0pfQnhGMmRwU2FEb3l2UWlTU0Zra1A5cXlqUjhnLW5Gck9RejZfakFQc3VkdGl2WDktTHdFRDAxcmhhRHQzQnNORzQyS2xWczlFSDZ1VXZhWGsxTDJOaF9sSUVzaG5SeF9sNFU5Uk9pejZjTkdfYXpBMjVINFZKVENMbFdGQkVLWWpuZFdoc212QVJQMElVZnZRUXhWTFZ1LTMxRGI0VlM2Smx6WmVMNkRPNVR4ckx0MWVTRXJLVEJKeWE5TzhfeWw5S1Jmd1gxMDFZaTdrZF9tcmw5cUFlS0EyQUUycnM5d1hlTGNsbDhmUnp0QnhLdmRXYlZGamJYZDNXUVBrQkJ4U18?hl=en-US&gl=US&ceid=US%3Aen,WSJ,14 hours ago,Wall Street Journal,https://news.google.com/api/attachments/CC8iI0NnNW1UbTFRVjFRdGRIWXdWbmxoVFJERUF4aW5CU2dLTWdB=-w200-h112-p-df-rw,2025-07-06T16:48:48.000139
Retail investors reap big gains from ‘buying the dip’ in US stocks,https://news.google.com/read/CBMicEFVX3lxTE1ORG52UXREWm9jajdma0s0TjJxUGtRaDFwVkNfWnJNRHd4aWYyOG9UTnJpZzZFRG9KRXVxSlhtMGNmZXZxckJkSHlXeC1aVVFCbHloeVVra1B4UzZ4M0p5UjE2QlRtMTBJRFVESi1GVV8?hl=en-US&gl=US&ceid=US%3Aen,Financial Times,12 hours ago,FT Cyber,https://news.google.com/api/attachments/CC8iI0NnNTNSMUE0UlZwblZWOTNlR0ZoVFJDS0F4aThCU2dLTWdB=-w200-h112-p-df-rw,2025-07-06T16:48:48.000143
Music investor Merck Mercuriadis plots comeback with Hipgnosis remix,https://news.google.com/read/CBMicEFVX3lxTE94UjVKMGJPS3lZTUtGYWZ4LWVwZjIyY0trR3l1cGVKR2tDREtEWEdkaWk0WG4tMmc4aHBad1FPWnpSVmZaNllWYnlXck4xWFhTeEp0a1FUc0xOX0dwU3Bqb2hEWjBtekIyd2FoWmJ3TEk?hl=en-US&gl=US&ceid=US%3Aen,Financial Times,12 hours ago,FT Cyber,https://news.google.com/api/attachments/CC8iI0NnNUtRVXA1UTFBeFF6ZHJTa1ZEVFJDZkF4ampCU2dLTWdB=-w200-h112-p-df-rw,2025-07-06T16:48:48.000146
Growing pains and absent leaders hang over Brics summit,https://news.google.com/read/CBMicEFVX3lxTE5ielZZNjBmUDRJam1HQ3VPbEgwUGxoWlZsNE8wMzNheVhUTjJ1MVpHUDFraVVud3VZT0d5Qk5ON2dEd05Zc1ptVnNlZXFvOVFjWlNXNkpwR1M2NV8yd2xoSEVZX3lyMURpMnpNU2lZTkw?hl=en-US&gl=US&ceid=US%3Aen,Financial Times,7 hours ago,FT Cyber,https://news.google.com/api/attachments/CC8iI0NnNVRkRzFpU2xKQmJuZGxNRUpPVFJDS0F4aThCU2dLTWdB=-w200-h112-p-df-rw,2025-07-06T16:48:48.000149
The Register: Enterprise Technology News and Analysis,https://news.google.com/read/CBMiQkFVX3lxTE13WFJOSTBSU3k2QlNHZ3lVRllMWjFxeWNnREU0M29CR3hycFBHLXg5TF9ZY1c0TGpkT0kyT3d5YnVnQQ?hl=en-US&gl=US&ceid=US%3Aen,theregister.com,"Jan 28, 2020",Register Security,https://news.google.com/api/attachments/CC8iMkNnNVNSWEEwZHpWWVYwZzNTek0zVFJDZkFSaS1BaWdCTWdzQklJRG9JR011S1Zyd1d3=-w200-h112-p-df-rw,2025-07-06T16:48:48.000152
Microsoft Confirms Windows 11 Update Causes Security Firewall Error,https://news.google.com/read/CBMivAFBVV95cUxPTGFyZ180d0dvQjdoOG80SUpfS1k0TFRzS0h3WHdoV1Jra1lTaXBjNFpRYTk2WkZmaXl0MThKVXAwRUNwdFZqY0Y4NjBlY2tjVkQ3cWc5SXFUamdBelJmZlZkel9xRmxkdV9mbVZYZ2pabVBTdzRFXzIyZTUyNEp1QVZZb1lkUjZnbC1QRDVOOXY3WW5WdERkWk90bENsT25yRU82NVI1eTI2aERtSmZaQkRaSVRsb2JERE1oRw?hl=en-US&gl=US&ceid=US%3Aen,Forbes,6 hours ago,Forbes Cyber,https://news.google.com/api/attachments/CC8iMkNnNXdYMHhCVkRWU05HOUZRbE5vVFJERUF4aW1CU2dLTWdzQkVKU3NKU2pZcEpwSm9R=-w200-h112-p-df-rw,2025-07-06T16:48:48.000155
FBI Issues US Social Media And Messaging Warning — What To Know,https://news.google.com/read/CBMivwFBVV95cUxObi1XTGhQYWhYM0szaWpoS2MzNlhyS3JYOTNlMkZRQ2xHMGtmSjNYdVdQaURpd2VvZXpCUTc3MUlfTlJCSXA2ZE4tRzdiRVhZaEJsM09HMkZMVU03cUZWVGQydGozaFgtSEVqLXNoRFNBdzlnRGIySGVyaVEtMGZtVWJycHpjZUNlSkhUOXB5aU5XNnVmNVFqd2VHMi0wV0ZnOGl4b0dKRWxHWVY4Wmk5UGpMeUNsY0lKbXQzRGhISQ?hl=en-US&gl=US&ceid=US%3Aen,Forbes,4 hours ago,Forbes Cyber,https://news.google.com/api/attachments/CC8iI0NnNXBabTFXTlVOUmJtWndkRWh2VFJERUF4aW1CU2dLTWdB=-w200-h112-p-df-rw,2025-07-06T16:48:48.000158
Why Google’s Unbeatable Pixel Upgrade Is Bad News For Android,https://news.google.com/read/CBMisgFBVV95cUxQVGZlSFdtVkFSeFdJUGVWUC1MVlNPRHhvRElZcnNpZWdQM2FHdGp4TnBLZXhlY3Rva2JhWVQ4Q3ZsT1RtcGhxMWs5VkpLUm5pZDNDeFpFS3lkNVBueDFTSENKMnNHbFR4X1ZnRndxbXFkRlBnd2x2bVFPY0J1TmF2YnlkLXhLZWg1VXlMTEhDTzBGeEVSVFprVVVnQ2cwWlhHczJkUEltMGRhWklkTWNENTJ3?hl=en-US&gl=US&ceid=US%3Aen,Forbes,9 hours ago,Forbes Cyber,https://news.google.com/api/attachments/CC8iI0NnNWtVVVExWm5FdGFEaG5kbEV4VFJDN0F4aTFCU2dLTWdB=-w200-h112-p-df-rw,2025-07-06T16:48:48.000162
Airlines address airborne cyber attacks,https://news.google.com/read/CBMiXEFVX3lxTFBuQVlEZGRVZFdWWW9IRGZYcWhJMFlTTHQ5Wm5QMmtPdjZTUy00ZV9oSmp6RFFTQlVrWmdYdUgya3YtV29ZQ0ZRVHVwWTRNWjM0RlJBRzlaeTRnckFK?hl=en-US&gl=US&ceid=US%3Aen,Reuters,Jun 26,Reuters Cyber,https://news.google.com/api/attachments/CC8iK0NnNTVlVkZxTVVOSlRrNWhOeTFWVFJDcUJCaXFCQ2dLTWdZQnNJd2t2Z1U=-w200-h112-p-df-rw,2025-07-06T16:48:48.000165
"X suspends Reuters account in India after 'legal demand', government denies making request",https://news.google.com/read/CBMi2gFBVV95cUxPdWFPaEVSbVFOQUN3TzlEVEplMVp4LUJTVHdZR1MwclNKdnFIWHU3RUxaVXRNZEdOUE92MUlMejFRUndHb3FXQlRsOXFycTA3bndyQ3I1T0Jxbi1zZjlnNnprbVl1c0FGTHdhYnRKQ2VBUTcyZkhXODZzVnp6ZlE1MXZ2Yzk4ZmdwSXd2SFVhWVdLVFdSZUhKcnF0b1Z3d3ZveGJZT2RsTjBkMlpYWTUxOUFSdF9Pc1N2VFB4NmI3dnh1OVhadjN6QzZGeFdEV0t1OXQ4NTJCa2sxUQ?hl=en-US&gl=US&ceid=US%3Aen,Reuters,35 minutes ago,Reuters Cyber,https://news.google.com/api/attachments/CC8iK0NnNXhWMEp4VDJRMVkzZDVYMlpMVFJDUUF4ai1CU2dLTWdhVlFJaTFIQVk=-w200-h112-p-df-rw,2025-07-06T16:48:48.000168
"Mattia Conti, Comtel SpA/Milano: Profile and Biography",https://news.google.com/read/CBMiXkFVX3lxTE5ZVndhUndHUGFvcW1BaDl3TDB0MEk5c09qRlRKZDVDWmFGZ1Q3LXMwcDQ2dTQtcTFXUjFmRllCS0NfT09wSEt6LXIxR3gzWTUzYWUySmwyckxuSUFXUWc?hl=en-US&gl=US&ceid=US%3Aen,Bloomberg,6 hours ago,Bloomberg Cyber,"https://encrypted-tbn1.gstatic.com/faviconV2?url=https://www.bloomberg.com&client=NEWS_360&size=96&type=FAVICON&fallback_opts=TYPE,SIZE,URL",2025-07-06T16:48:48.000171
"Ask not for whom the Louvre of Bluesky tolls, it tolls for thee",https://news.google.com/read/CBMingFBVV95cUxQb3BvMXdTQVdldjQzS1FyWXlGbkdzRmFSbWhnc3JsYkNFLTFDaU9oNWwtUWFIME5NUWExU2o2bEhUeHFmS0tmSDVUZ1RhNzhiVE01c1FaVWNab0lRZy14YTducVkySVpfZzctMS1acDJlMWx5NndJSnUxQm81TC04VGgzS2NNSTF5ZTFBb0dOVlJXcGFQMXJ1cXd4aTlUdw?hl=en-US&gl=US&ceid=US%3Aen,TechCrunch,20 hours ago,TechCrunch Security,https://news.google.com/api/attachments/CC8iJ0NnNUhjVVZoUkVkamVHbzBhbkJHVFJDZkF4ampCU2dLTWdOOUFEbw=-w200-h112-p-df-rw,2025-07-06T16:48:48.000174
Drive Capital’s second act – how the Columbus venture firm found success after a split,https://news.google.com/read/CBMiugFBVV95cUxOSmdZYmNlTm9ualpJWlVMc2xMR2pWVXZtc0pUUi0tQVdZb2JoMTEtSEhLSC1SekpKUWlkQ1BUd1RRYUFiYUt1X253bzNqa1Ric05Qb1VvVmt2ZnhIN0NJUzFJZGI4a3hvV282WUxDRHdXMnI3cVE0ODVkSGpCZzVYeHVjbWdUOUxjanNNeDdVY0hSRUM0VmJKdl82aElHM24yM0RsX0Fic2NhVlc4SDVmNk82bE5UQWt6dlE?hl=en-US&gl=US&ceid=US%3Aen,TechCrunch,20 hours ago,TechCrunch Security,https://news.google.com/api/attachments/CC8iK0NnNU5WRWh3YkZwWVQyUkZORFJLVFJERUF4aW1CU2dLTWdZQllKQUNNUVk=-w200-h112-p-df-rw,2025-07-06T16:48:48.000178
Google faces EU antitrust complaint over AI Overviews,https://news.google.com/read/CBMikgFBVV95cUxPUy02TVFxRXZrbDcyMkZCVC11dThzem1tLWVHUEI2Nm5NV3dNX3ByTENYQkl3Sndnejd2ekVENlg4RTRfQnhNN0txR1VjdUtFNk15MUh6VXZXU2NkSHVJS2VJTmNlMEVjTk9abmhsSUhCd3lGRjZOY3VpRDRQOW1PNlRRb1E1OXE0VlNJVnhVU3pNUQ?hl=en-US&gl=US&ceid=US%3Aen,TechCrunch,23 hours ago,TechCrunch Security,https://news.google.com/api/attachments/CC8iK0NnNDBRbEJoZWs1RVZuQlhXazlpVFJDTkF4aUVCaWdLTWdZUllJenJMUWM=-w200-h112-p-df-rw,2025-07-06T16:48:48.000181
We Risked Our Necks Testing Over 25 Laptop Stands to Find the Best,https://news.google.com/read/CBMiXkFVX3lxTE44SzRaUTM1YTJ3b1o1WjVwVjZtUmtqbEt4V3lMX3ZNZ0swdl9DMXFrbWpsUXVVZTFubi12YWhQUVE4WTJGeHZ4VXJ1aG9TZXZfeUs0dlY2TWtsTGtUS2c?hl=en-US&gl=US&ceid=US%3Aen,WIRED,"Sep 19, 2020",Wired Cyber,https://news.google.com/api/attachments/CC8iI0NnNVJkbVo1ZURWQmFFMTZiMU5MVFJEZ0F4aUFCU2dLTWdB=-w200-h112-p-df-rw,2025-07-06T16:48:48.000184
